dt,open,high,low,close,volume
2021-01-04,49.89,51.39,49.4016,49.67,46102459.0
2021-01-05,49.445,50.83,49.33,50.61,24866563.0
2021-01-06,50.435,52.15,50.2,51.1,36809644.0
2021-01-07,51.49,52.69,51.3,52.19,32092336.0
2021-01-08,52.45,52.53,51.27,51.65,34625379.0
2021-01-11,51.29,52.24,51.25,51.54,32933279.0
2021-01-12,51.9,53.85,51.56,53.24,39828239.0
2021-01-13,59.5,60.25,56.9,56.95,124070671.0
2021-01-14,58.45,60.14,57.84,59.25,74680892.0
2021-01-15,58.85,59.65,57.5,57.58,50265363.0
2021-01-19,57.94,58.34,57.1,57.99,35647144.0
2021-01-20,58.24,59.22,58.09,58.67,28701263.0
2021-01-21,59.038,63.95,58.2233,62.46,87156464.0
2021-01-22,58.85,59.62,56.65,56.66,85729315.0
2021-01-25,56.38,56.5,54.06,55.44,61968547.0
2021-01-26,55.275,56.2,54.85,55.21,31485880.0
2021-01-27,54.61,54.8481,53.3,53.59,49722945.0
2021-01-28,54.79,57.4,54.7,56.065,49202558.0
2021-01-29,55.98,57.16,55.355,55.51,37256225.0
2021-02-01,55.95,57.39,55.71,56.69,26926638.0
2021-02-02,57.19,58.28,56.88,58.0,23507349.0
2021-02-03,57.8943,58.33,57.38,57.68,21893188.0
2021-02-04,57.61,58.88,57.19,58.79,29853778.0
2021-02-05,59.0,59.08,58.12,58.18,23432611.0
2021-02-08,58.375,59.22,57.95,59.16,34358295.0
2021-02-09,58.77,59.31,57.935,58.78,28728942.0
2021-02-10,59.3,59.42,58.12,58.86,16285501.0
2021-02-11,59.095,60.99,58.86,60.66,27539121.0
2021-02-12,60.6,62.51,60.43,61.81,26214175.0
2021-02-16,62.0,62.87,61.7,62.47,26326297.0
2021-02-17,61.49,62.185,61.21,61.85,20319580.0
2021-02-18,60.645,61.98,60.64,61.61,17846142.0
2021-02-19,61.91,63.26,61.85,63.01,28290116.0
2021-02-22,61.88,62.7,60.66,60.71,31986912.0
2021-02-23,60.48,61.495,59.17,61.12,27374594.0
2021-02-24,60.53,63.28,60.38,63.19,24669870.0
2021-02-25,62.405,63.54,60.13,60.4,36200073.0
2021-02-26,60.89,61.69,59.68,60.78,38098784.0
2021-03-01,61.72,63.08,61.65,62.88,28503500.0
2021-03-02,62.8,63.14,61.11,61.24,23320016.0
2021-03-03,60.64,61.52,59.7,59.9,28740357.0
2021-03-04,59.83,60.235,57.905,58.33,40210352.0
2021-03-05,59.26,61.175,58.51,60.74,39511670.0
2021-03-08,60.4677,61.695,59.72,59.85,33112387.0
2021-03-09,61.18,63.165,60.84,62.67,36387479.0
2021-03-10,63.22,64.12,62.13,62.25,27160323.0
2021-03-11,62.94,64.09,62.39,63.31,30701765.0
2021-03-12,62.65,63.3,62.24,62.9,20172961.0
2021-03-15,63.61,63.875,62.48,63.79,21251484.0
2021-03-16,64.15,65.7302,64.08,64.78,30186635.0
2021-03-17,64.2235,66.29,63.71,65.78,32394652.0
2021-03-18,65.63,65.7,63.65,63.725,30107865.0
2021-03-19,63.18,64.99,62.92,63.76,54951650.0
2021-03-22,64.82,66.38,64.56,65.63,34380148.0
2021-03-23,66.0,66.05,63.17,63.48,35159952.0
2021-03-24,66.58,67.44,61.99,62.04,74584670.0
2021-03-25,61.655,62.44,60.975,62.02,35401428.0
2021-03-26,61.8,64.97,61.77,64.87,34705755.0
2021-03-29,64.0113,65.125,63.61,64.5,26161610.0
2021-03-30,63.77,64.0,63.15,63.77,20709487.0
2021-03-31,64.01,64.4899,63.58,64.0,33013231.0
2021-04-01,64.725,64.89,63.575,64.55,31416250.0
2021-04-05,64.95,66.74,64.7,66.54,27947521.0
2021-04-06,66.0616,66.575,65.29,65.56,28771404.0
2021-04-07,65.67,66.57,65.36,66.25,17793257.0
2021-04-08,66.97,67.29,66.36,67.05,22224223.0
2021-04-09,66.7976,68.4,66.63,68.26,27177096.0
2021-04-12,68.2,68.49,64.71,65.405,51266884.0
2021-04-13,65.61,65.6346,64.21,65.22,26821990.0
2021-04-14,65.31,65.38,63.84,64.19,25768415.0
2021-04-15,63.97,65.215,63.6799,65.02,24927676.0
2021-04-16,65.33,65.52,64.57,64.75,24625458.0
2021-04-19,64.7,64.74,63.07,63.63,23997675.0
2021-04-20,63.64,63.76,62.41,62.7,19872123.0
2021-04-21,62.79,63.775,62.3,63.7,24364209.0
2021-04-22,63.35,63.91,62.28,62.57,38257616.0
2021-04-23,59.16,60.0,57.9,59.24,77519832.0
2021-04-26,59.1,59.52,58.46,58.76,39645910.0
2021-04-27,58.555,58.63,57.77,57.97,38167700.0
2021-04-28,57.52,58.16,57.15,57.62,30387352.0
2021-04-29,57.88,58.3,57.47,58.28,23290618.0
2021-04-30,57.61,58.43,57.07,57.53,30731840.0
2021-05-03,57.855,57.8768,56.84,57.26,22281701.0
2021-05-04,56.88,56.98,55.81,56.9,35323622.0
2021-05-05,56.96,57.3,56.46,56.85,21001931.0
2021-05-06,56.615,57.25,56.245,57.19,25529252.0
2021-05-07,57.7,58.01,57.24,57.67,19959041.0
2021-05-10,57.1465,57.23,55.88,55.97,35046472.0
2021-05-11,55.05,55.63,54.3,55.04,35968053.0
2021-05-12,54.39,54.65,53.42,53.62,30232253.0
2021-05-13,54.04,54.39,53.46,54.01,29192470.0
2021-05-14,54.6046,55.8467,54.255,55.35,28158312.0
2021-05-17,55.29,55.89,54.76,55.33,20010191.0
2021-05-18,55.95,56.14,54.8,54.84,18703385.0
2021-05-19,54.07,55.43,53.8418,55.36,23769652.0
2021-05-20,55.57,56.24,55.36,55.95,23145167.0
2021-05-21,56.42,56.71,55.9801,56.08,17723087.0
2021-05-24,56.648,57.39,56.4,56.96,19164350.0
2021-05-25,57.56,57.56,56.42,56.87,22309872.0
2021-05-26,57.05,57.23,56.585,56.92,15173599.0
2021-05-27,57.11,57.88,57.0,57.73,32387637.0
2021-05-28,57.55,57.65,56.94,57.12,20309599.0
2021-06-01,57.61,57.82,56.59,56.89,20326366.0
2021-06-02,56.91,57.69,56.755,57.48,18483588.0
2021-06-03,56.98,57.1,56.085,56.24,21831303.0
2021-06-04,56.55,57.75,56.54,57.37,21493760.0
2021-06-07,57.41,57.44,56.775,57.09,17364399.0
2021-06-08,57.45,57.64,56.6,57.0,33254482.0
2021-06-09,57.36,57.475,56.97,57.0,13904793.0
2021-06-10,57.15,58.03,56.925,57.38,26738082.0
2021-06-11,57.47,57.94,56.95,57.85,18119736.0
2021-06-14,58.02,58.2,57.23,58.19,21784523.0
2021-06-15,58.21,58.415,57.8001,57.99,20806538.0
2021-06-16,58.15,58.37,56.765,57.22,21513591.0
2021-06-17,57.05,57.9,56.7,57.18,21498755.0
2021-06-18,56.68,56.75,55.1,55.67,55118305.0
2021-06-21,55.75,56.04,55.37,55.87,19254640.0
2021-06-22,55.94,56.2799,55.5049,55.87,18682808.0
2021-06-23,55.87,55.974,55.23,55.26,20287879.0
2021-06-24,55.49,56.1,55.34,56.07,21209732.0
2021-06-25,56.02,56.405,55.745,55.91,21101239.0
2021-06-28,56.36,57.725,56.34,57.48,22480879.0
2021-06-29,57.55,57.83,55.88,56.75,26359992.0
2021-06-30,56.34,56.375,55.39,56.14,29891584.0
2021-07-01,56.13,56.64,55.87,56.01,24871591.0
2021-07-02,56.55,56.99,56.32,56.76,17223577.0
2021-07-06,56.92,57.01,55.7,56.09,26186595.0
2021-07-07,56.37,56.45,55.705,55.96,14857388.0
2021-07-08,55.31,55.72,54.7901,55.39,19161963.0
2021-07-09,55.51,56.105,55.31,55.99,18708003.0
2021-07-12,56.26,56.755,56.11,56.73,15392759.0
2021-07-13,56.62,57.3,56.34,56.87,15715983.0
2021-07-14,57.17,57.455,56.3339,56.52,16263611.0
2021-07-15,56.4,56.4,55.57,55.81,18917047.0
2021-07-16,56.05,56.9295,54.9,54.97,25263792.0
2021-07-19,54.41,54.805,53.97,54.64,27007665.0
2021-07-20,54.915,55.56,54.2684,55.24,19866965.0
2021-07-21,55.18,56.28,55.01,56.23,18497169.0
2021-07-22,56.06,56.54,55.68,55.96,36690982.0
2021-07-23,54.58,54.71,52.32,53.0,67742254.0
2021-07-26,52.81,54.54,52.76,54.31,32881174.0
2021-07-27,53.12,53.2,52.31,53.18,39878025.0
2021-07-28,53.03,53.92,52.94,53.07,28478845.0
2021-07-29,53.48,54.1,53.32,53.7,16776979.0
2021-07-30,53.65,53.9,53.25,53.72,16465689.0
2021-08-02,53.99,54.47,53.535,53.68,18098082.0
2021-08-03,53.89,54.16,53.26,54.06,16375928.0
2021-08-04,54.25,54.44,53.7,53.9,17612708.0
2021-08-05,53.99,54.02,53.58,53.89,15310009.0
2021-08-06,53.86,54.13,53.73,53.92,19256023.0
2021-08-09,54.08,54.41,53.83,54.05,14670135.0
2021-08-10,54.24,54.385,53.51,53.94,16215714.0
2021-08-11,54.26,54.36,53.84,54.14,18590798.0
2021-08-12,54.17,54.18,53.255,53.54,15073693.0
2021-08-13,53.5,53.555,53.055,53.49,15216730.0
2021-08-16,53.23,53.49,53.0,53.47,17692907.0
2021-08-17,53.17,53.1784,52.22,52.69,22014903.0
2021-08-18,52.6,53.03,52.11,52.19,15061736.0
2021-08-19,52.0544,52.67,51.58,52.44,22999394.0
2021-08-20,52.16,52.38,51.42,52.01,25728334.0
2021-08-23,52.59,53.535,52.48,53.23,23976255.0
2021-08-24,53.555,53.97,53.31,53.81,20348797.0
2021-08-25,54.08,54.23,53.731,53.81,15048388.0
2021-08-26,53.745,53.745,52.9729,53.13,19569984.0
2021-08-27,53.36,53.94,52.92,53.89,16524991.0
2021-08-30,54.26,54.87,53.76,53.94,14581326.0
2021-08-31,54.44,54.5,53.66,54.06,22350100.0
2021-09-01,54.11,54.155,53.53,53.67,18615029.0
2021-09-02,53.8,53.89,53.35,53.73,15880063.0
2021-09-03,53.44,54.08,53.3193,53.51,13472750.0
2021-09-07,53.57,53.95,53.44,53.65,13914972.0
2021-09-08,53.73,53.92,52.99,53.57,18235078.0
2021-09-09,53.66,53.89,53.34,53.4,13495797.0
2021-09-10,53.85,54.98,53.81,53.84,20324696.0
2021-09-13,54.61,55.485,54.41,54.99,22639242.0
2021-09-14,55.37,55.44,54.27,54.52,22072717.0
2021-09-15,54.67,55.15,54.42,55.12,18796181.0
2021-09-16,54.86,54.95,54.24,54.83,19863089.0
2021-09-17,54.59,54.59,53.665,54.26,35359233.0
2021-09-20,53.2135,53.5,52.32,52.98,35051904.0
2021-09-21,53.2,53.45,52.83,52.87,17968925.0
2021-09-22,53.4,53.87,53.0,53.5,18594117.0
2021-09-23,53.75,54.3,53.6,54.03,16474334.0
2021-09-24,53.775,54.423,53.73,54.22,12976200.0
2021-09-27,53.94,54.87,53.82,54.66,13899911.0
2021-09-28,54.18,54.59,53.96,54.0,24691319.0
2021-09-29,54.0,54.05,53.18,53.49,20514308.0
2021-09-30,53.76,53.98,53.26,53.28,20534072.0
2021-10-01,53.645,54.105,53.05,53.86,19895101.0
2021-10-04,53.93,54.33,53.08,53.47,27353323.0
2021-10-05,53.55,54.34,53.475,53.95,18129360.0
2021-10-06,53.48,54.07,53.07,53.98,20059578.0
2021-10-07,54.319,54.985,54.12,54.18,20704443.0
2021-10-08,54.55,54.58,53.7,53.81,16068031.0
2021-10-11,53.81,54.41,53.42,53.44,14398758.0
2021-10-12,53.57,53.72,52.01,52.17,32784309.0
2021-10-13,52.38,52.5784,51.865,52.26,18533956.0
2021-10-14,52.895,54.0,52.73,53.9,26586650.0
2021-10-15,54.2,54.49,53.8095,54.46,25231140.0
2021-10-18,54.185,54.56,53.72,54.47,22407571.0
2021-10-19,54.6257,55.22,54.37,55.21,18392879.0
2021-10-20,55.25,55.485,55.08,55.37,16850266.0
2021-10-21,54.925,56.07,54.83,56.0,38390855.0
2021-10-22,50.39,50.55,49.14,49.46,109971887.0
2021-10-25,49.825,50.07,49.31,49.41,43178773.0
2021-10-26,49.4,49.44,47.93,48.28,68405390.0
2021-10-27,48.52,48.8155,47.87,47.89,41081464.0
2021-10-28,48.14,48.3599,47.88,48.08,31317178.0
2021-10-29,48.1,49.28,47.92,49.0,42300965.0
2021-11-01,49.4,49.6,49.0,49.55,27851898.0
2021-11-02,49.61,49.895,49.23,49.86,26888042.0
2021-11-03,49.9313,50.45,49.71,50.39,23962115.0
2021-11-04,50.24,50.35,49.73,50.31,24805961.0
2021-11-05,50.55,51.58,50.54,50.92,36816156.0
2021-11-08,51.46,51.99,51.06,51.55,31647844.0
2021-11-09,51.54,51.77,50.765,51.2,22363590.0
2021-11-10,50.975,51.3873,50.71,50.76,25040734.0
2021-11-11,51.01,51.07,50.41,50.53,25419988.0
2021-11-12,50.595,50.9,50.18,50.31,23746752.0
2021-11-15,50.41,50.63,50.12,50.32,24695780.0
2021-11-16,50.37,51.15,50.34,50.61,30927765.0
2021-11-17,50.6,50.9399,49.98,50.23,23546918.0
2021-11-18,50.24,50.24,48.97,49.68,30667661.0
2021-11-19,49.6,49.73,49.24,49.52,27607603.0
2021-11-22,49.55,50.85,49.41,49.83,33389634.0
2021-11-23,50.16,50.45,48.64,49.1,44713339.0
2021-11-24,48.855,49.78,48.63,49.76,26035780.0
2021-11-26,48.9,49.175,48.115,48.78,25268977.0
2021-11-29,49.3,50.13,48.72,50.0,31478896.0
2021-11-30,49.5,50.4,48.68,49.2,49460840.0
2021-12-01,49.84,50.3062,48.52,48.6,35133403.0
2021-12-02,48.61,49.7947,48.33,49.5,37240777.0
2021-12-03,49.675,50.06,48.76,49.25,32224930.0
2021-12-06,49.48,51.21,49.18,50.99,40335981.0
2021-12-07,54.66,55.0,52.21,52.57,91731468.0
2021-12-08,52.57,52.88,51.3838,51.75,37143437.0
2021-12-09,51.3,51.585,50.43,50.48,31694241.0
2021-12-10,50.84,51.07,50.05,50.59,23783632.0
2021-12-13,50.85,51.02,49.95,50.0,35726895.0
2021-12-14,49.82,50.27,49.32,49.7,34120382.0
2021-12-15,49.87,50.78,49.325,50.67,32590323.0
2021-12-16,50.74,51.4,50.575,50.83,33132254.0
2021-12-17,50.59,51.02,50.01,50.62,50190417.0
2021-12-20,49.91,50.13,48.96,49.6,30140276.0
2021-12-21,49.94,50.84,49.94,50.77,31956292.0
2021-12-22,50.64,51.02,50.21,50.97,23307948.0
2021-12-23,51.08,51.73,51.05,51.31,25198249.0
2021-12-27,51.35,52.06,51.3022,51.94,20990716.0
2021-12-28,51.93,52.12,51.63,51.76,19290438.0
2021-12-29,51.81,52.14,51.66,51.83,14174781.0
2021-12-30,51.92,52.14,51.65,51.74,18359360.0
2021-12-31,51.89,52.159,51.46,51.5,15759762.0
2022-01-03,51.65,53.23,51.6,53.21,33892932.0
2022-01-04,53.57,53.935,52.65,53.14,45681384.0
2022-01-05,54.188,56.17,53.83,53.87,59109324.0
2022-01-06,54.61,54.67,53.415,54.01,35757881.0
2022-01-07,54.19,54.39,53.15,53.44,30717218.0
2022-01-10,53.97,55.31,53.31,55.21,49260830.0
2022-01-11,55.5,56.08,54.73,55.91,39644337.0
2022-01-12,56.1363,56.28,54.81,55.74,29136787.0
2022-01-13,56.0,56.21,54.77,54.94,29605351.0
2022-01-14,54.85,55.77,54.53,55.7,30151532.0
2022-01-18,55.31,55.65,54.68,54.76,35047550.0
2022-01-19,54.63,54.85,53.56,53.62,29298705.0
2022-01-20,53.86,54.085,51.94,52.04,28582607.0
2022-01-21,52.08,53.1299,51.95,52.04,46372373.0
2022-01-24,51.48,52.1291,49.88,51.94,64273633.0
2022-01-25,51.01,51.62,50.25,51.0,44095360.0
2022-01-26,51.13,52.72,50.75,51.69,54895393.0
2022-01-27,49.98,50.06,47.78,48.05,89642770.0
2022-01-28,47.71,48.2,46.3,47.73,61945408.0
2022-01-31,47.68,48.87,47.305,48.82,51828446.0
2022-02-01,48.775,49.03,48.36,48.95,35386062.0
2022-02-02,48.245,49.58,48.09,49.51,37962659.0
2022-02-03,49.25,49.685,48.25,48.28,42145836.0
2022-02-04,47.86,48.2399,47.13,48.01,32431494.0
2022-02-07,48.13,48.66,47.96,48.18,27558469.0
2022-02-08,47.98,48.94,47.9,48.81,28051185.0
2022-02-09,49.33,49.97,48.825,49.91,35217300.0
2022-02-10,49.18,49.9325,48.76,48.86,32762682.0
2022-02-11,48.95,49.11,47.5,47.63,37208227.0
2022-02-14,47.92,48.1772,47.1101,47.58,28456926.0
2022-02-15,47.7,48.46,47.19,48.44,35857524.0
2022-02-16,48.06,48.49,47.6,48.23,26022941.0
2022-02-17,47.86,48.26,47.38,47.57,32030624.0
2022-02-18,46.19,46.21,44.51,45.04,76520104.0
2022-02-22,44.69,45.405,43.8501,44.69,56703180.0
2022-02-23,45.17,45.71,44.5514,44.65,38176736.0
2022-02-24,43.9,46.79,43.625,46.72,72740052.0
2022-02-25,46.93,47.79,46.25,47.71,39266331.0
2022-02-28,47.0,47.82,46.85,47.7,41946114.0
2022-03-01,47.54,47.9,46.22,46.82,53852979.0
2022-03-02,47.52,48.99,47.48,48.87,46936509.0
2022-03-03,48.18,48.55,47.6236,47.93,36389883.0
2022-03-04,47.37,48.265,47.37,48.07,38324991.0
2022-03-07,48.005,48.54,47.6,47.68,43813747.0
2022-03-08,47.69,48.72,46.89,47.5,44813947.0
2022-03-09,48.41,48.46,46.885,47.63,36076458.0
2022-03-10,47.29,47.31,46.155,46.66,36455953.0
2022-03-11,47.15,47.275,45.765,45.83,27082085.0
2022-03-14,45.9,45.98,44.3,44.4,35993898.0
2022-03-15,44.5,44.9,44.07,44.81,34448890.0
2022-03-16,45.3,46.63,45.27,46.63,38885498.0
2022-03-17,46.32,47.2873,45.73,47.14,28554988.0
2022-03-18,46.82,47.6,46.35,47.45,45188578.0
2022-03-21,47.46,47.89,47.065,47.39,32568644.0
2022-03-22,47.5,48.47,47.4,48.39,27802360.0
2022-03-23,48.46,49.58,48.0601,48.27,37126378.0
2022-03-24,48.66,51.65,48.59,51.62,51677908.0
2022-03-25,50.69,51.9783,50.45,51.83,33212939.0
2022-03-28,51.36,51.57,50.56,51.51,22932366.0
2022-03-29,52.0,52.29,51.275,52.25,27303707.0
2022-03-30,52.25,52.51,51.22,51.43,24623262.0
2022-03-31,51.2,51.26,49.51,49.56,43698250.0
2022-04-01,49.83,49.9,47.325,48.11,46598563.0
2022-04-04,48.17,49.23,47.915,49.2,23811324.0
2022-04-05,48.83,48.98,48.02,48.13,25627985.0
2022-04-06,47.44,48.17,47.24,47.54,31518748.0
2022-04-07,47.425,47.91,46.77,47.56,24116972.0
2022-04-08,47.28,47.58,46.845,47.02,22167256.0
2022-04-11,46.9,47.295,46.53,46.57,30352478.0
2022-04-12,47.32,47.91,46.41,46.5,29861379.0
2022-04-13,46.75,47.2687,46.55,47.01,22171270.0
2022-04-14,46.745,46.75,45.62,45.67,36181843.0
2022-04-18,45.53,46.89,45.52,46.64,25593058.0
2022-04-19,46.6,48.0,46.34,47.93,31483102.0
2022-04-20,48.36,48.75,47.975,48.11,22740139.0
2022-04-21,48.62,48.9,47.4,47.5,27316886.0
2022-04-22,47.45,47.65,46.5,46.54,28219860.0
2022-04-25,46.21,47.14,46.18,47.06,35999251.0
2022-04-26,46.69,46.84,45.51,45.52,35160215.0
2022-04-27,45.48,46.06,45.01,45.22,28320904.0
2022-04-28,45.785,47.27,45.5408,46.84,41097044.0
2022-04-29,44.99,45.36,43.5,43.59,70765887.0
2022-05-02,43.72,44.99,43.51,44.96,45446472.0
2022-05-03,44.79,45.49,44.23,45.06,40158387.0
2022-05-04,45.06,46.64,44.41,46.54,44463333.0
2022-05-05,45.6,45.91,44.13,44.6,52996677.0
2022-05-06,44.49,45.15,43.84,44.3,40916578.0
2022-05-09,43.81,44.2,42.87,43.07,44925770.0
2022-05-10,44.35,44.735,43.5,44.01,42770024.0
2022-05-11,44.02,44.29,42.78,42.83,40351666.0
2022-05-12,42.73,42.905,42.01,42.84,42329642.0
2022-05-13,43.42,43.84,42.97,43.6,32034142.0
2022-05-16,43.42,43.6099,42.785,43.08,25071905.0
2022-05-17,43.82,44.42,43.65,44.4,28596629.0
2022-05-18,43.98,43.98,42.22,42.35,35218393.0
2022-05-19,42.32,42.7,41.72,42.01,29181007.0
2022-05-20,42.245,42.29,40.31,41.65,44802286.0
2022-05-23,41.69,42.25,41.325,42.0,27199487.0
2022-05-24,41.698,41.89,41.1,41.67,29837489.0
2022-05-25,41.44,42.515,41.39,42.2,26283081.0
2022-05-26,42.17,43.68,42.08,43.48,28826682.0
2022-05-27,43.59,44.55,43.55,44.55,30553321.0
2022-05-31,44.25,44.75,43.645,44.42,41111478.0
2022-06-01,44.77,44.93,43.525,44.11,29885543.0
2022-06-02,44.19,44.88,43.94,44.84,28727637.0
2022-06-03,44.105,44.2458,43.34,43.39,33174656.0
2022-06-06,43.81,44.04,43.08,43.34,25437061.0
2022-06-07,43.06,43.59,42.66,43.53,25168689.0
2022-06-08,42.25,42.26,41.03,41.23,59649874.0
2022-06-09,41.01,41.35,40.01,40.01,39047182.0
2022-06-10,39.85,40.08,39.18,39.18,43084434.0
2022-06-13,38.55,38.81,37.67,37.77,50335922.0
2022-06-14,38.01,38.2,37.54,37.93,31351683.0
2022-06-15,38.56,39.17,37.92,38.65,37652256.0
2022-06-16,37.695,37.79,36.93,37.34,45576545.0
2022-06-17,37.48,38.12,36.6,36.97,71393194.0
2022-06-21,37.36,38.025,37.325,37.73,34004880.0
2022-06-22,37.33,37.77,37.22,37.38,32591524.0
2022-06-23,37.61,37.62,36.91,37.41,30162971.0
2022-06-24,37.845,38.64,37.74,38.61,38159913.0
2022-06-27,38.87,39.06,38.4701,38.63,29585325.0
2022-06-28,38.58,39.02,37.74,37.78,37842731.0
2022-06-29,37.54,37.595,37.02,37.29,25437197.0
2022-06-30,37.21,38.0,36.725,37.41,35141045.0
2022-07-01,37.09,37.2,35.88,36.34,40596289.0
2022-07-05,35.93,36.74,35.54,36.69,33225868.0
2022-07-06,36.82,37.425,36.46,36.99,26258324.0
2022-07-07,37.89,38.33,37.73,38.14,33165410.0
2022-07-08,37.66,38.14,37.3901,37.99,22566348.0
2022-07-11,37.66,37.675,37.03,37.2,25946879.0
2022-07-12,37.65,37.7,36.99,37.21,30546281.0
2022-07-13,36.68,37.4299,36.62,37.21,27059156.0
2022-07-14,36.99,38.155,36.29,37.71,36690674.0
2022-07-15,38.27,38.67,37.73,38.62,32892293.0
2022-07-18,39.1,39.34,38.525,38.71,30814369.0
2022-07-19,39.32,40.73,39.24,40.22,53095319.0
2022-07-20,40.21,40.67,39.56,40.56,36387873.0
2022-07-21,40.51,40.645,39.82,40.61,29661198.0
2022-07-22,40.37,40.51,38.94,39.2,41349965.0
2022-07-25,39.285,39.41,38.55,39.16,32263404.0
2022-07-26,39.1,39.565,38.88,38.96,35925485.0
2022-07-27,39.27,40.425,39.23,40.18,42571580.0
2022-07-28,40.09,40.12,39.04,39.71,56662303.0
2022-07-29,35.605,36.62,35.24,36.31,125292383.0
2022-08-01,36.05,37.69,36.05,36.96,52513446.0
2022-08-02,36.59,36.66,36.0,36.01,53929371.0
2022-08-03,36.09,36.59,35.26,36.52,59513858.0
2022-08-04,36.012,36.1,35.36,35.66,54046258.0
2022-08-05,35.345,35.69,35.18,35.39,40205089.0
2022-08-08,35.36,35.96,35.2,35.38,41601566.0
2022-08-09,35.22,35.3,34.4,34.52,48202280.0
2022-08-10,34.99,35.4,34.59,35.37,42243304.0
2022-08-11,35.64,36.29,35.485,35.59,35569724.0
2022-08-12,35.8,36.14,35.67,36.11,37675228.0
2022-08-15,36.1,36.43,35.71,36.34,25400551.0
2022-08-16,36.16,36.575,35.7,36.19,25000240.0
2022-08-17,35.81,36.075,35.27,35.78,29176062.0
2022-08-18,35.68,36.33,35.57,36.2,24598225.0
2022-08-19,35.8,36.025,35.19,35.38,31425530.0
2022-08-22,35.0,35.06,33.73,33.84,51006127.0
2022-08-23,33.98,34.39,33.91,33.95,30687098.0
2022-08-24,33.97,33.99,33.6,33.86,25105652.0
2022-08-25,33.87,34.93,33.82,34.89,29799148.0
2022-08-26,34.95,35.025,33.35,33.36,44851477.0
2022-08-29,33.225,33.41,32.81,32.94,32389759.0
2022-08-30,33.04,33.07,32.15,32.26,40182452.0
2022-08-31,32.385,32.385,31.77,31.92,44074488.0
2022-09-01,31.572,31.825,31.13,31.76,36440681.0
2022-09-02,32.21,32.375,31.06,31.22,34893283.0
2022-09-06,31.39,31.39,30.33,30.36,46797307.0
2022-09-07,30.42,30.785,30.05,30.65,37329544.0
2022-09-08,30.37,30.8469,29.91,30.75,37359472.0
2022-09-09,31.19,31.5,31.075,31.46,34081212.0
2022-09-12,31.735,31.86,31.1,31.56,38305494.0
2022-09-13,30.83,30.93,29.25,29.29,71417851.0
2022-09-14,29.55,29.765,29.01,29.18,40767169.0
2022-09-15,29.15,29.41,28.71,28.84,39919105.0
2022-09-16,28.7,29.32,28.42,29.24,72747992.0
2022-09-19,29.02,29.5,28.9,29.44,33151882.0
2022-09-20,29.065,29.165,28.71,28.96,31129028.0
2022-09-21,29.15,29.59,28.46,28.47,39977313.0
2022-09-22,28.4,28.5,28.04,28.07,35531772.0
2022-09-23,27.9,27.9,27.19,27.52,43491060.0
2022-09-26,27.56,27.6995,26.86,26.97,44786413.0
2022-09-27,27.4,27.595,26.62,26.89,44121431.0
2022-09-28,26.86,27.28,26.6,27.13,40433354.0
2022-09-29,26.78,26.78,26.185,26.38,41831294.0
2022-09-30,26.3,26.57,25.74,25.77,43820964.0
2022-10-03,26.33,27.25,26.065,26.97,44096180.0
2022-10-04,27.425,27.795,27.09,27.7,42427480.0
2022-10-05,27.365,27.84,26.89,27.64,30119962.0
2022-10-06,27.44,27.76,27.0,27.18,33985131.0
2022-10-07,26.17,26.275,25.651,25.72,57215513.0
2022-10-10,25.94,25.99,25.09,25.2,43409338.0
2022-10-11,25.01,25.48,24.69,25.04,48134930.0
2022-10-12,25.05,25.52,24.66,25.33,39634056.0
2022-10-13,24.725,26.835,24.59,26.42,62447044.0
2022-10-14,26.46,26.63,25.76,25.91,48185367.0
2022-10-17,26.31,26.75,26.1713,26.42,39416474.0
2022-10-18,26.74,26.955,25.54,25.87,51126851.0
2022-10-19,25.735,26.25,25.69,26.0,33882274.0
2022-10-20,26.15,26.95,25.945,26.08,33247689.0
2022-10-21,25.85,27.05,25.79,26.97,53058711.0
2022-10-24,26.75,27.48,26.52,27.18,43831588.0
2022-10-25,27.18,27.555,27.0,27.41,32205300.0
2022-10-26,27.19,27.8,26.99,27.21,37153931.0
2022-10-27,27.45,27.59,26.13,26.27,56305125.0
2022-10-28,28.175,29.2186,27.86,29.07,91695696.0
2022-10-31,29.08,29.18,28.05,28.43,59507744.0
2022-11-01,28.8,28.85,27.89,28.3,44418730.0
2022-11-02,28.27,28.85,27.41,27.42,51956099.0
2022-11-03,27.45,27.88,27.17,27.39,39678189.0
2022-11-04,27.57,28.235,27.41,28.2,43051927.0
2022-11-07,28.36,28.465,27.89,28.41,34389783.0
2022-11-08,28.755,28.95,27.93,28.48,36257963.0
2022-11-09,28.22,28.3,27.52,27.52,30544782.0
2022-11-10,28.88,29.83,28.645,29.76,62943924.0
2022-11-11,28.925,30.63,28.87,30.43,49826517.0
2022-11-14,30.34,30.99,30.18,30.35,39395339.0
2022-11-15,31.095,31.335,30.165,30.71,40933223.0
2022-11-16,30.1101,30.23,29.44,29.53,35582751.0
2022-11-17,29.065,29.95,29.0,29.89,31992738.0
2022-11-18,30.26,30.26,29.61,29.87,27122210.0
2022-11-21,29.66,29.715,28.91,28.94,36086768.0
2022-11-22,29.135,29.86,29.0558,29.82,25584062.0
2022-11-23,29.73,30.08,29.49,29.67,23143868.0
2022-11-25,29.68,29.68,29.335,29.34,11314878.0
2022-11-28,29.1,29.19,28.54,28.725,28282116.0
2022-11-29,28.85,29.18,28.74,28.9,24361493.0
2022-11-30,28.77,30.08,28.22,30.07,72072532.0
2022-12-01,30.24,30.48,29.52,29.83,38896309.0
2022-12-02,29.17,29.43,28.71,29.41,31545955.0
2022-12-05,29.42,29.75,28.89,29.17,34040384.0
2022-12-06,29.19,29.31,28.3436,28.6,27701186.0
2022-12-07,28.28,28.55,28.15,28.33,28239933.0
2022-12-08,28.32,28.6,28.065,28.44,28486091.0
2022-12-09,28.39,28.78,28.19,28.24,25641349.0
2022-12-12,28.13,28.71,27.8588,28.69,35117866.0
2022-12-13,29.79,30.09,28.37,28.73,58546839.0
2022-12-14,28.51,29.12,28.01,28.26,37141077.0
2022-12-15,27.94,28.0,27.12,27.15,45682654.0
2022-12-16,27.0,27.135,26.4522,26.92,81104229.0
2022-12-19,26.9,26.97,26.5,26.79,37662461.0
2022-12-20,26.535,26.87,26.4201,26.44,31863274.0
2022-12-21,26.59,26.97,26.58,26.83,28100906.0
2022-12-22,26.45,26.452,25.35,25.97,47478307.0
2022-12-23,25.92,26.19,25.6835,26.09,23600916.0
2022-12-27,25.845,26.1,25.65,25.94,29548058.0
2022-12-28,25.84,26.115,25.5,25.54,26176917.0
2022-12-29,25.77,26.29,25.75,26.21,30944829.0
2022-12-30,25.902,26.46,25.8,26.43,31030094.0
2023-01-03,27.045,27.07,26.37,26.73,31307955.0
2023-01-04,27.41,27.92,27.16,27.68,37665199.0
2023-01-05,27.435,27.779,27.38,27.56,33552552.0
2023-01-06,27.93,28.83,27.38,28.73,31788634.0
2023-01-09,28.84,29.865,28.84,29.31,37493157.0
2023-01-10,29.235,29.51,28.915,29.44,23008080.0
2023-01-11,29.68,29.88,29.0,29.85,30375377.0
2023-01-12,29.98,30.38,29.47,30.29,28963879.0
2023-01-13,29.97,30.17,29.81,30.11,31361937.0
2023-01-17,30.18,30.2557,29.52,29.6,34759080.0
2023-01-18,29.8,29.82,28.63,28.81,44199580.0
2023-01-19,28.61,28.755,28.24,28.42,36886615.0
2023-01-20,28.42,29.23,28.25,29.22,35158497.0
2023-01-23,29.325,30.49,29.18,30.27,38795838.0
2023-01-24,29.94,30.19,29.73,29.92,24855130.0
2023-01-25,29.52,29.885,29.17,29.7,28268023.0
2023-01-26,30.06,30.11,29.33,30.09,56088080.0
2023-01-27,27.07,28.24,26.78,28.16,148548189.0
2023-01-30,27.715,28.51,27.67,27.95,55145771.0
2023-01-31,27.78,28.29,27.53,28.26,52621578.0
2023-02-01,27.89,29.43,27.68,29.07,63330567.0
2023-02-02,29.25,30.3,28.795,30.19,62230659.0
2023-02-03,29.62,31.17,29.53,30.32,57603100.0
2023-02-06,29.55,29.65,28.61,28.69,48726359.0
2023-02-07,28.65,29.27,28.43,29.05,50780776.0
2023-02-08,28.95,29.12,28.21,28.24,36479123.0
2023-02-09,28.68,28.82,27.565,27.73,43906378.0
2023-02-10,27.63,27.99,27.335,27.8,31232544.0
2023-02-13,27.87,28.55,27.715,28.55,32347470.0
2023-02-14,28.38,28.72,27.99,28.64,27928929.0
2023-02-15,28.36,28.88,28.16,28.85,23387676.0
2023-02-16,28.5,28.825,28.13,28.2,28972476.0
2023-02-17,28.0,28.07,27.38,27.61,32086218.0
2023-02-21,27.11,27.27,26.04,26.06,63668362.0
2023-02-22,25.91,26.9,25.3,25.47,89195317.0
2023-02-23,25.78,26.08,25.32,25.61,56473237.0
2023-02-24,25.22,25.35,24.92,25.14,44089879.0
2023-02-27,25.55,25.58,24.88,24.9,37656956.0
2023-02-28,24.94,25.12,24.73,24.93,50255301.0
2023-03-01,25.03,25.92,24.97,25.33,47823397.0
2023-03-02,25.211,26.3,25.12,26.2,48381068.0
2023-03-03,26.2,26.475,26.01,26.4,36744858.0
2023-03-06,26.47,26.54,25.93,25.99,37879835.0
2023-03-07,25.84,25.99,25.5,25.53,43164607.0
2023-03-08,25.56,26.01,25.45,25.98,36071934.0
2023-03-09,25.98,26.9773,25.97,26.44,54886084.0
2023-03-10,26.55,27.52,26.315,27.22,65187031.0
2023-03-13,26.74,27.31,26.61,26.95,50976996.0
2023-03-14,27.35,28.1,27.25,28.01,47689837.0
2023-03-15,27.73,28.495,27.66,28.41,49322838.0
2023-03-16,28.39,30.27,28.39,30.18,75804234.0
2023-03-17,29.92,31.0,29.44,29.81,80628498.0
2023-03-20,29.8,29.9,28.63,29.16,38780054.0
2023-03-21,29.0,29.165,27.975,28.46,55650832.0
2023-03-22,28.48,29.12,28.1,28.13,37415539.0
2023-03-23,28.38,29.16,28.22,29.03,43785479.0
2023-03-24,29.04,29.81,28.925,29.36,55931606.0
2023-03-27,29.37,29.73,29.08,29.18,34758156.0
2023-03-28,29.075,29.33,28.63,29.29,37407874.0
2023-03-29,29.77,31.89,29.755,31.52,85556189.0
2023-03-30,31.85,32.58,31.81,32.09,70077598.0
2023-03-31,31.8,32.9,31.73,32.67,59764991.0
2023-04-03,32.94,33.56,32.54,32.89,57038344.0
2023-04-04,32.85,33.84,32.84,33.1,55714058.0
2023-04-05,32.795,32.99,32.335,32.83,39615735.0
2023-04-06,32.6,33.0,32.46,32.81,28551916.0
2023-04-10,32.6,32.76,32.2,32.52,30534439.0
2023-04-11,32.66,33.11,32.32,32.35,27059106.0
2023-04-12,32.77,32.89,31.96,32.02,37070786.0
2023-04-13,31.82,32.43,31.65,32.13,29722344.0
2023-04-14,32.0,32.235,31.69,31.89,24623633.0
2023-04-17,31.95,32.64,31.77,32.14,29453969.0
2023-04-18,32.43,32.46,31.78,31.83,26041380.0
2023-04-19,31.1,31.52,31.08,31.15,25746574.0
2023-04-20,30.76,31.25,30.71,30.86,30255069.0
2023-04-21,30.84,30.84,30.225,30.3,28655762.0
2023-04-24,30.13,30.37,29.61,29.66,38732452.0
2023-04-25,29.44,29.57,28.87,28.88,38289873.0
2023-04-26,29.2,29.81,28.835,29.05,40910133.0
2023-04-27,28.75,29.945,28.51,29.86,60186244.0
2023-04-28,31.975,32.57,30.81,31.06,80252444.0
2023-05-01,31.11,31.24,30.28,30.3,36918529.0
2023-05-02,30.3,30.575,29.75,29.77,33463356.0
2023-05-03,30.64,31.11,30.245,30.65,45554489.0
2023-05-04,30.435,31.72,30.38,31.24,46104019.0
2023-05-05,31.38,31.41,30.73,30.99,35024562.0
2023-05-08,30.7,30.84,30.39,30.77,30882801.0
2023-05-09,30.38,30.58,29.91,30.1,30706515.0
2023-05-10,30.29,30.3959,29.49,29.97,40526521.0
2023-05-11,29.6,29.68,28.82,28.86,47144359.0
2023-05-12,29.025,29.1,28.72,28.95,24153820.0
2023-05-15,28.9,29.825,28.88,29.8,28717475.0
2023-05-16,29.62,29.9,29.21,29.22,22812040.0
2023-05-17,29.52,29.56,28.68,28.87,41667261.0
2023-05-18,29.0,29.76,28.87,29.68,36529193.0
2023-05-19,29.6,30.24,29.5,29.93,40682998.0
2023-05-22,29.85,30.45,29.815,30.28,28693438.0
2023-05-23,30.05,30.195,29.49,29.51,29400851.0
2023-05-24,29.31,29.49,28.82,29.0,28045840.0
2023-05-25,28.29,28.29,26.855,27.4,78009435.0
2023-05-26,27.44,29.09,27.1,29.0,71910621.0
2023-05-30,29.7,30.0399,28.995,29.99,54874794.0
2023-05-31,29.7,32.29,29.67,31.44,135945667.0
2023-06-01,31.8,31.94,31.02,31.13,52667368.0
2023-06-02,31.398,31.5899,30.825,31.31,36520957.0
2023-06-05,31.31,31.4,29.83,29.86,48244128.0
2023-06-06,29.77,31.45,29.695,30.96,42295293.0
2023-06-07,31.03,31.37,30.93,31.28,39097992.0
2023-06-08,31.43,31.85,31.06,31.82,35198952.0
2023-06-09,31.93,31.99,30.68,31.34,40227073.0
2023-06-12,31.4,33.3,31.36,33.07,59926114.0
2023-06-13,33.77,33.95,33.07,33.91,51990041.0
2023-06-14,33.87,35.6,33.8,35.58,74404291.0
2023-06-15,35.28,36.42,35.215,35.82,67676296.0
2023-06-16,36.36,36.795,35.595,36.37,110240279.0
2023-06-20,36.77,37.11,34.715,35.0,65970238.0
2023-06-21,34.915,35.05,32.83,32.9,70973521.0
2023-06-22,32.69,33.24,32.125,32.71,45740308.0
2023-06-23,32.21,33.45,32.03,33.0,46327140.0
2023-06-26,33.19,33.99,33.095,33.34,38952369.0
2023-06-27,33.22,34.23,33.01,34.1,33038923.0
2023-06-28,33.61,33.81,33.035,33.57,33906877.0
2023-06-29,33.34,33.34,32.49,32.91,38312970.0
2023-06-30,33.359,33.56,33.16,33.44,33811252.0
2023-07-03,33.54,33.89,33.14,33.62,15752979.0
2023-07-05,33.31,33.33,32.5,32.51,37664722.0
2023-07-06,31.9,32.04,31.38,31.97,41711442.0
2023-07-07,32.0,32.41,31.82,31.85,28356250.0
2023-07-10,31.87,32.83,31.77,32.74,36305658.0
2023-07-11,32.82,33.36,32.5,33.3,28148832.0
2023-07-12,33.69,34.08,33.06,33.98,37762215.0
2023-07-13,34.15,34.3,33.62,33.87,32745752.0
2023-07-14,33.78,33.87,33.0,33.15,30438659.0
2023-07-17,33.16,34.6,33.07,34.37,34111173.0
2023-07-18,34.28,34.7,33.83,34.5,29679514.0
2023-07-19,34.4,34.835,34.33,34.46,26486676.0
2023-07-20,33.704,34.205,33.23,33.37,37877996.0
2023-07-21,33.725,34.25,33.42,34.02,79736956.0
2023-07-24,33.84,34.46,33.56,33.63,25283783.0
2023-07-25,33.7,34.34,33.4,34.1,31771091.0
2023-07-26,33.72,34.525,33.7,34.36,32643239.0
2023-07-27,34.82,35.03,34.11,34.55,58890821.0
2023-07-28,36.75,36.99,35.51,36.83,90863013.0
2023-07-31,36.87,37.19,35.675,35.77,55630700.0
2023-08-01,35.82,36.02,35.28,35.8,24743393.0
2023-08-02,35.15,35.18,34.281,34.39,39051971.0
2023-08-03,34.29,35.03,34.13,34.87,24864381.0
2023-08-04,34.48,35.56,34.48,35.14,26674897.0
2023-08-07,35.41,35.55,34.75,35.23,22486870.0
2023-08-08,34.67,35.1,33.86,35.02,34753598.0
2023-08-09,35.0,35.0999,34.23,34.28,28720157.0
2023-08-10,34.7,35.09,34.48,34.68,30957295.0
2023-08-11,34.46,34.945,34.36,34.89,28783730.0
2023-08-14,34.67,35.71,34.47,35.68,36896056.0
2023-08-15,35.41,35.625,34.75,34.77,27420309.0
2023-08-16,34.52,34.63,33.46,33.53,35757254.0
2023-08-17,33.56,33.59,32.35,32.58,39906739.0
2023-08-18,32.23,32.91,32.18,32.75,23701056.0
2023-08-21,32.6,33.17,32.02,33.14,43718249.0
2023-08-22,33.22,33.8,32.83,32.89,23434190.0
2023-08-23,32.88,34.15,32.8,33.98,32324309.0
2023-08-24,33.72,34.09,32.49,32.59,37930960.0
2023-08-25,32.53,33.395,32.35,33.25,27324810.0
2023-08-28,33.5,33.78,33.21,33.62,22341778.0
2023-08-29,33.49,34.48,33.47,34.31,29943629.0
2023-08-30,34.06,34.66,33.775,34.53,26279156.0
2023-08-31,34.32,35.56,34.3,35.14,48157583.0
2023-09-01,35.79,36.75,35.73,36.61,43808478.0
2023-09-05,36.58,37.41,36.46,36.71,43379356.0
2023-09-06,36.56,37.04,36.03,36.98,39643390.0
2023-09-07,36.83,38.34,36.7502,38.18,67659683.0
2023-09-08,38.12,38.83,37.7125,38.01,44265054.0
2023-09-11,38.24,38.74,37.84,38.59,36349291.0
2023-09-12,38.65,40.0681,38.65,38.86,55326564.0
2023-09-13,38.8,39.1499,38.25,38.71,35407780.0
2023-09-14,38.81,38.9,38.295,38.67,30616490.0
2023-09-15,38.42,38.52,37.62,37.88,68881240.0
2023-09-18,37.62,38.39,37.51,37.99,29322150.0
2023-09-19,38.04,38.1,36.02,36.34,53288070.0
2023-09-20,36.22,36.25,34.63,34.69,57660829.0
2023-09-21,34.57,35.25,34.46,34.65,45240625.0
2023-09-22,34.81,34.885,34.14,34.18,29241605.0
2023-09-25,34.0,34.37,33.765,34.29,21729418.0
2023-09-26,34.14,34.78,33.64,33.83,34198291.0
2023-09-27,33.92,34.825,33.88,34.61,44369070.0
2023-09-28,34.65,35.6564,34.38,35.18,32265276.0
2023-09-29,35.648,35.91,35.155,35.55,28763712.0
2023-10-02,35.61,35.975,34.98,35.46,26086163.0
2023-10-03,35.265,36.54,35.265,35.69,45292632.0
2023-10-04,36.52,36.52,35.325,35.93,39842200.0
2023-10-05,35.97,36.1,35.6,35.89,25771233.0
2023-10-06,35.87,36.46,35.18,36.19,33262158.0
2023-10-09,35.7,36.17,35.5,36.06,19376144.0
2023-10-10,36.14,36.74,35.805,36.43,24044104.0
2023-10-11,36.62,37.03,36.38,36.88,19262602.0
2023-10-12,36.8,37.22,36.39,36.84,23639229.0
2023-10-13,36.74,36.79,35.86,35.97,28408435.0
2023-10-16,36.14,36.94,36.08,36.56,29555783.0
2023-10-17,35.92,36.35,35.07,36.06,24993561.0
2023-10-18,35.5242,36.02,35.45,35.64,22085950.0
2023-10-19,35.96,36.36,35.52,35.67,29201848.0
2023-10-20,35.65,36.28,34.87,34.92,32303325.0
2023-10-23,34.6,35.19,33.39,33.85,53924661.0
2023-10-24,33.64,34.71,33.64,34.59,52673857.0
2023-10-25,34.18,34.45,32.55,32.83,44658462.0
2023-10-26,32.89,33.22,32.145,32.52,59142509.0
2023-10-27,34.66,36.38,34.6,35.54,84128212.0
2023-10-30,35.465,35.96,34.92,35.69,36656267.0
2023-10-31,35.66,36.57,35.62,36.5,41185207.0
2023-11-01,36.5,37.315,36.28,37.29,41710705.0
2023-11-02,37.58,37.82,36.91,37.7,35439964.0
2023-11-03,38.0,38.32,37.665,38.14,30502744.0
2023-11-06,38.02,38.2,37.855,37.95,23877203.0
2023-11-07,38.24,38.9,37.98,38.77,32052041.0
2023-11-08,38.85,38.89,37.7492,37.92,33483360.0
2023-11-09,38.05,38.515,37.77,37.8,48955771.0
2023-11-10,38.24,38.99,38.24,38.86,38871279.0
2023-11-13,38.35,38.565,38.14,38.23,24558261.0
2023-11-14,38.8,39.49,38.07,39.41,45457362.0
2023-11-15,39.585,40.84,39.58,40.61,47392143.0
2023-11-16,41.0,43.395,40.82,43.35,86405694.0
2023-11-17,42.91,43.81,42.56,43.81,49749721.0
2023-11-20,43.78,44.93,43.78,44.74,44596396.0
2023-11-21,44.5,44.6612,43.3,43.64,37252056.0
2023-11-22,44.03,44.63,43.54,43.67,31490545.0
2023-11-24,43.68,44.0,43.61,43.96,13037105.0
2023-11-27,43.65,44.545,43.65,44.08,33339937.0
2023-11-28,43.69,44.3827,43.66,44.23,24548874.0
2023-11-29,44.6,45.34,44.6,44.94,38982026.0
2023-11-30,44.65,45.09,44.41,44.7,46262971.0
2023-12-01,44.36,44.36,42.86,43.74,43928371.0
2023-12-04,43.3,43.31,41.685,42.35,50417587.0
2023-12-05,41.91,42.29,41.61,41.92,31859318.0
2023-12-06,42.48,42.59,41.17,41.27,31904121.0
2023-12-07,41.75,42.435,41.1801,42.15,29118697.0
2023-12-08,41.84,42.955,41.81,42.7,42814959.0
2023-12-11,43.16,44.73,43.08,44.54,48288156.0
2023-12-12,44.36,44.44,43.63,44.04,31452163.0
2023-12-13,44.08,44.72,43.33,44.57,35216050.0
2023-12-14,45.01,47.07,44.65,45.18,70620765.0
2023-12-15,45.94,47.27,45.67,46.16,84583405.0
2023-12-18,46.15,46.23,45.4,45.69,27895652.0
2023-12-19,45.6,46.68,45.51,46.66,34766463.0
2023-12-20,46.64,46.95,45.7,45.76,38159137.0
2023-12-21,46.48,47.12,46.02,47.08,28320463.0
2023-12-22,47.25,48.1557,47.2,48.0,30095727.0
2023-12-26,48.92,50.515,48.71,50.5,60287408.0
2023-12-27,50.63,51.28,50.19,50.76,51859798.0
2023-12-28,50.81,50.87,50.16,50.39,27705233.0
2023-12-29,50.3,50.5699,49.77,50.25,29288707.0
2024-01-02,49.2,49.38,47.4527,47.8,45905728.0
2024-01-03,47.1,47.81,46.8,47.05,35858434.0
2024-01-04,45.715,47.16,45.24,46.87,47797812.0
2024-01-05,47.03,47.83,46.635,46.89,34197720.0
2024-01-08,47.07,48.76,46.97,48.45,42135127.0
2024-01-09,48.01,48.56,47.795,48.05,30097005.0
2024-01-10,48.24,48.3,46.94,47.47,31480186.0
2024-01-11,47.44,47.84,46.73,47.64,31707881.0
2024-01-12,47.6,47.67,46.61,47.12,27587902.0
2024-01-16,46.98,47.22,46.38,47.06,43720666.0
2024-01-17,46.4151,46.4151,45.65,46.06,33488015.0
2024-01-18,47.03,47.57,46.17,46.74,46681348.0
2024-01-19,47.0,48.76,46.44,48.15,55979796.0
2024-01-22,48.85,49.17,47.64,48.22,45639521.0
2024-01-23,48.12,48.94,47.32,48.89,37224140.0
2024-01-24,49.17,49.77,48.265,49.09,48043674.0
2024-01-25,50.0,50.3,48.97,49.55,84845086.0
2024-01-26,44.18,45.41,43.35,43.65,127665287.0
2024-01-29,43.71,43.99,42.81,43.84,51790863.0
2024-01-30,43.67,43.82,42.89,42.92,47958762.0
2024-01-31,42.57,43.785,42.36,43.08,51584247.0
2024-02-01,43.15,43.57,42.485,43.36,38819855.0
2024-02-02,43.0,43.14,41.6,42.6,53683500.0
2024-02-05,42.62,43.15,42.425,42.77,28890264.0
2024-02-06,42.7,42.78,42.14,42.74,34068216.0
2024-02-07,42.89,43.095,42.55,42.78,34269246.0
2024-02-08,42.72,42.97,42.33,42.5,33206470.0
2024-02-09,42.55,43.52,42.395,43.31,51192958.0
2024-02-12,43.39,45.04,43.32,44.03,51107349.0
2024-02-13,43.0,43.63,42.76,43.16,36622233.0
2024-02-14,43.82,44.29,43.39,44.19,36186233.0
2024-02-15,44.755,45.27,44.02,44.05,44024507.0
2024-02-16,44.03,44.2199,43.12,43.51,29975301.0
2024-02-20,44.26,45.17,43.42,44.52,61514136.0
2024-02-21,44.48,44.69,43.08,43.47,57714970.0
2024-02-22,44.68,44.68,42.53,42.98,62809318.0
2024-02-23,43.125,43.51,42.66,42.99,33810714.0
2024-02-26,43.5,43.68,42.82,42.99,27035379.0
2024-02-27,43.25,43.265,42.51,42.73,25126372.0
2024-02-28,42.44,42.45,41.91,41.99,26928470.0
2024-02-29,42.37,43.15,42.3551,43.05,48875120.0
2024-03-01,43.41,44.2698,43.13,43.82,41426072.0
2024-03-04,44.27,46.61,43.85,45.61,59990811.0
2024-03-05,44.56,44.8675,42.69,43.16,56655135.0
2024-03-06,43.93,45.505,43.555,44.51,52652045.0
2024-03-07,45.55,46.4199,45.18,46.15,50378153.0
2024-03-08,46.44,46.6277,44.0,44.0,54916599.0
2024-03-11,43.87,44.93,43.66,44.86,34729394.0
2024-03-12,45.06,45.265,44.46,45.24,31527907.0
2024-03-13,44.51,44.98,43.2,43.23,52970316.0
2024-03-14,43.23,43.35,42.51,42.75,37326875.0
2024-03-15,42.45,43.15,42.35,42.64,66952857.0
2024-03-18,43.09,43.38,42.595,42.71,27668282.0
2024-03-19,42.25,42.29,41.44,42.05,34672950.0
2024-03-20,42.99,43.01,41.41,42.2,74864992.0
2024-03-21,42.99,43.6,42.32,42.42,50807592.0
2024-03-22,42.25,42.8,42.09,42.57,28503057.0
2024-03-25,40.89,42.215,40.57,41.83,47276531.0
2024-03-26,41.95,42.265,41.655,41.99,39109651.0
2024-03-27,42.54,43.83,42.5,43.77,51017828.0
2024-03-28,43.76,44.6,43.71,44.17,54204194.0
2024-04-01,44.29,45.41,44.18,44.52,31146811.0
2024-04-02,43.925,44.08,43.5,43.94,30957431.0
2024-04-03,41.4,41.65,40.22,40.33,83084591.0
2024-04-04,40.59,40.7798,39.7,39.73,56408228.0
2024-04-05,39.35,39.46,38.51,38.71,66224416.0
2024-04-08,38.64,38.86,37.91,37.98,56319206.0
2024-04-09,38.05,38.58,37.325,38.33,77865990.0
2024-04-10,38.02,38.2211,37.02,37.2,51108380.0
2024-04-11,37.43,37.67,37.08,37.63,41909086.0
2024-04-12,36.69,36.7,35.605,35.69,80254789.0
2024-04-15,36.04,36.7,35.89,36.31,50751563.0
2024-04-16,36.27,36.51,35.764,36.26,30607502.0
2024-04-17,36.1,36.1297,35.37,35.68,41173345.0
2024-04-18,35.42,35.66,34.77,35.04,42334395.0
2024-04-19,35.13,35.13,34.18,34.2,59070310.0
2024-04-22,34.415,34.57,34.075,34.41,39909927.0
2024-04-23,34.335,34.6,34.18,34.28,46834042.0
2024-04-24,34.86,35.18,34.34,34.5,53261096.0
2024-04-25,34.56,35.295,34.5,35.11,66549403.0
2024-04-26,31.78,32.24,30.64,31.88,119742494.0
2024-04-29,31.86,31.91,31.07,31.36,58533264.0
2024-04-30,31.04,31.175,30.42,30.47,72346359.0
2024-05-01,30.17,31.035,30.02,30.37,60654760.0
2024-05-02,30.59,30.67,30.19,30.51,50899442.0
2024-05-03,30.98,31.055,30.7,30.9,36794828.0
2024-05-06,31.115,31.2,30.73,30.97,36185572.0
2024-05-07,31.09,31.45,30.61,30.68,44683401.0
2024-05-08,30.0,30.15,29.73,30.0,63734597.0
2024-05-09,29.93,30.385,29.805,30.09,45003402.0
2024-05-10,30.33,30.455,29.84,29.85,42931290.0
2024-05-13,30.03,31.13,30.0,30.51,51459143.0
2024-05-14,30.62,31.11,30.61,31.05,47759855.0
2024-05-15,31.38,31.4,30.81,31.27,36992927.0
2024-05-16,31.63,32.26,31.52,32.03,47752828.0
2024-05-17,32.06,32.11,31.59,31.83,41449777.0
2024-05-20,31.85,32.42,31.76,32.1,31989000.0
2024-05-21,31.98,32.24,31.62,31.74,42975363.0
2024-05-22,31.91,32.066,31.095,31.42,36706435.0
2024-05-23,31.445,31.57,29.87,30.08,62014547.0
2024-05-24,30.29,31.02,30.1301,30.72,42434488.0
2024-05-28,30.94,31.3695,30.655,31.06,36799147.0
2024-05-29,30.465,30.67,30.105,30.13,35848611.0
2024-05-30,30.21,30.5,30.06,30.19,33382756.0
2024-05-31,30.22,30.96,29.94,30.85,95797529.0
2024-06-03,31.03,31.065,30.05,30.29,35544896.0
2024-06-04,30.75,30.75,29.94,30.03,51027179.0
2024-06-05,30.269,30.835,30.01,30.78,44161657.0
2024-06-06,30.552,30.59,30.16,30.42,34248118.0
2024-06-07,30.25,30.78,30.205,30.74,34085530.0
2024-06-10,30.55,30.95,30.285,30.91,37445807.0
2024-06-11,30.77,31.03,30.53,30.92,25326850.0
2024-06-12,31.455,31.48,30.3899,30.76,51323936.0
2024-06-13,30.38,30.58,30.14,30.46,33787162.0
2024-06-14,30.285,30.56,30.21,30.45,28125886.0
2024-06-17,30.34,31.0,30.18,30.98,36235315.0
2024-06-18,30.99,31.47,30.5,30.63,33294749.0
2024-06-20,30.555,31.11,30.45,30.62,43826322.0
2024-06-21,30.85,31.36,30.6701,31.09,92549024.0
2024-06-24,31.14,31.42,30.53,30.57,40611793.0
2024-06-25,30.7,30.83,30.2901,30.74,29498583.0
2024-06-26,30.64,30.68,30.2731,30.54,30742984.0
2024-06-27,30.42,30.6582,30.285,30.59,30184278.0
2024-06-28,30.75,31.31,30.72,30.97,41467675.0
2024-07-01,30.91,31.02,30.61,30.84,32401760.0
2024-07-02,30.855,31.31,30.585,31.07,35999280.0
2024-07-03,31.12,31.34,30.91,31.23,24065673.0
2024-07-05,31.4,32.34,31.3114,32.02,45309446.0
2024-07-08,33.03,34.09,32.82,33.99,82315937.0
2024-07-09,35.015,35.22,33.72,34.59,97788840.0
2024-07-10,34.44,34.97,34.13,34.87,52256195.0
2024-07-11,35.031,35.15,33.31,33.5,55213668.0
2024-07-12,33.77,35.475,33.77,34.49,62792646.0
2024-07-15,34.7,35.225,34.31,34.46,39847917.0
2024-07-16,34.36,34.45,33.835,34.34,28409906.0
2024-07-17,36.08,37.16,34.4,34.46,112304214.0
2024-07-18,34.96,36.3,34.53,34.87,84188608.0
2024-07-19,34.565,34.58,32.85,32.98,69628654.0
2024-07-22,33.28,33.41,32.76,33.37,48503749.0
2024-07-23,32.96,33.23,32.83,32.95,29466374.0
2024-07-24,32.535,32.8,31.66,31.7,62216669.0
2024-07-25,31.372,31.985,30.95,31.1,49774032.0
2024-07-26,31.43,31.56,31.02,31.35,38352543.0
2024-07-29,31.42,31.47,30.79,30.83,32342201.0
2024-07-30,30.845,30.91,30.005,30.13,48256628.0
2024-07-31,30.54,30.87,30.28,30.74,56110610.0
2024-08-01,30.43,30.71,28.89,29.05,107672516.0
2024-08-02,21.94,21.98,20.42,21.48,300895920.0
2024-08-05,20.2,20.385,19.2934,20.11,147385697.0
2024-08-06,20.32,20.63,19.75,19.83,106670372.0
2024-08-07,19.92,20.25,18.95,18.99,97972290.0
2024-08-08,19.1,20.55,18.84,20.49,96836821.0
2024-08-09,20.08,20.15,19.5,19.71,76394546.0
2024-08-12,19.87,19.97,19.0,19.36,54677578.0
2024-08-13,19.48,20.48,19.47,20.47,77511346.0
2024-08-14,20.485,20.5,19.785,19.92,56758181.0
2024-08-15,20.32,21.06,20.23,20.69,84814880.0
2024-08-16,20.53,20.895,20.4101,20.87,48582663.0
2024-08-19,20.885,21.86,20.835,21.52,65956303.0
2024-08-20,21.21,21.23,20.82,20.99,84161270.0
2024-08-21,21.072,21.44,21.07,21.41,57028870.0
2024-08-22,21.39,21.4,20.04,20.1,81444673.0
2024-08-23,20.32,20.93,20.26,20.54,73398430.0
2024-08-26,20.53,20.56,19.95,20.13,58534794.0
2024-08-27,20.13,20.26,19.84,20.07,43862017.0
2024-08-28,19.98,20.105,19.51,19.61,50144885.0
2024-08-29,19.76,20.6,19.75,20.13,64529661.0
2024-08-30,21.25,22.12,21.0,22.04,177785378.0
2024-09-03,21.54,21.69,19.99,20.1,115305533.0
2024-09-04,19.76,20.045,19.28,19.43,85370503.0
2024-09-05,19.28,19.9,19.24,19.4,65388789.0
2024-09-06,19.44,19.49,18.64,18.89,92686460.0
2024-09-09,19.0,19.54,18.95,19.07,64244126.0
2024-09-10,19.03,19.11,18.51,18.98,55621273.0
2024-09-11,19.01,19.69,18.52,19.64,71403141.0
2024-09-12,19.43,19.54,19.04,19.36,51602918.0
2024-09-13,19.49,19.8,19.49,19.66,44236271.0
2024-09-16,20.03,21.0699,19.76,20.91,149337028.0
2024-09-17,21.71,22.58,21.24,21.47,196249783.0
2024-09-18,21.36,21.74,20.715,20.77,118727940.0
2024-09-19,21.28,21.69,21.03,21.14,99829168.0
2024-09-20,20.89,23.14,20.35,21.84,260377912.0
2024-09-23,22.43,22.82,22.03,22.56,184439134.0
2024-09-24,22.53,23.105,22.285,22.81,113082534.0
2024-09-25,22.8,24.055,22.73,23.54,117013357.0
2024-09-26,24.28,24.42,23.25,23.92,95416939.0
2024-09-27,24.16,24.66,23.7034,23.91,85883278.0
2024-09-30,23.74,23.95,23.09,23.46,66460225.0
2024-10-01,23.46,23.72,22.255,22.69,86344357.0
2024-10-02,22.67,23.0668,22.35,22.39,59033896.0
2024-10-03,22.14,22.73,21.65,22.26,49565931.0
2024-10-04,22.7,22.91,22.3,22.59,49966930.0
2024-10-07,22.4,22.65,22.0209,22.38,54928674.0
2024-10-08,22.25,23.42,22.045,23.32,58650461.0
2024-10-09,23.25,23.48,23.06,23.46,44759018.0
2024-10-10,23.19,23.53,22.96,23.22,44874580.0
2024-10-11,23.05,23.82,22.98,23.56,43585252.0
2024-10-14,23.58,23.77,23.2701,23.44,35403646.0
2024-10-15,23.41,23.72,22.47,22.66,68900556.0
2024-10-16,22.38,22.54,21.74,22.31,62151767.0
2024-10-17,22.72,22.82,22.4,22.44,43807577.0
2024-10-18,22.61,22.82,22.5,22.77,39971695.0
2024-10-21,22.61,22.88,22.25,22.84,39726985.0
2024-10-22,22.73,22.82,22.17,22.4,50160378.0
2024-10-23,22.3,22.425,21.575,21.98,45799051.0
2024-10-24,22.09,22.365,21.97,22.34,40554417.0
2024-10-25,22.42,23.3399,22.41,22.68,67502984.0
2024-10-28,22.67,23.27,22.56,22.92,41914966.0
2024-10-29,22.87,23.14,22.41,22.9,83422242.0
2024-10-30,22.415,22.93,22.26,22.3,50941231.0
2024-10-31,22.15,22.25,21.47,21.52,112485547.0
2024-11-01,23.0,23.58,21.91,23.2,173471115.0
2024-11-04,22.96,23.0,22.0,22.52,84616300.0
2024-11-05,22.58,23.58,22.4,23.32,59153326.0
2024-11-06,24.3,25.12,24.05,25.05,116760537.0
2024-11-07,25.43,26.3799,25.19,26.23,101489302.0
2024-11-08,26.0,26.43,25.83,26.2,76427983.0
2024-11-11,25.96,26.2863,24.83,25.05,80185321.0
2024-11-12,24.66,24.96,23.89,24.16,62539733.0
2024-11-13,24.06,25.14,24.02,24.92,58201972.0
2024-11-14,25.12,25.61,24.9346,25.03,49252121.0
2024-11-15,24.81,24.82,24.23,24.35,55104875.0
2024-11-18,24.33,25.02,24.16,24.84,59667333.0
2024-11-19,24.5,24.54,24.095,24.2,61190859.0
2024-11-20,24.07,24.21,23.55,24.01,50191510.0
2024-11-21,24.08,24.77,23.83,24.44,58928410.0
2024-11-22,24.35,24.68,24.14,24.5,36784715.0
2024-11-25,25.04,25.565,24.76,24.87,91128387.0
2024-11-26,24.95,24.985,23.81,24.05,69613557.0
2024-11-27,23.83,23.93,23.06,23.65,53992319.0
2024-11-29,23.72,24.28,23.6,24.05,36616750.0
2024-12-02,24.84,25.48,23.44,23.93,150497884.0
2024-12-03,23.68,23.75,22.44,22.47,138160493.0
2024-12-04,22.53,22.54,21.81,21.96,104648976.0
2024-12-05,22.04,22.19,20.66,20.8,167993483.0
2024-12-06,20.95,21.05,20.66,20.92,78539132.0
2024-12-09,20.92,21.06,20.73,20.81,68818217.0
2024-12-10,20.83,20.86,19.96,20.16,90004833.0
2024-12-11,20.14,20.25,19.87,20.12,75209342.0
2024-12-12,20.02,20.9,19.92,20.78,77695010.0
2024-12-13,20.6,20.8,20.25,20.34,55104079.0
2024-12-16,20.17,21.1,20.0,20.83,73832891.0
2024-12-17,20.64,20.77,20.2925,20.44,51767153.0
2024-12-18,20.48,20.58,19.21,19.3,86041243.0
2024-12-19,19.53,19.69,19.03,19.06,69117805.0
2024-12-20,18.97,19.76,18.9,19.52,108453667.0
2024-12-23,19.58,20.23,19.52,20.2,57988375.0
2024-12-24,20.22,20.4,19.96,20.4,29884026.0
2024-12-26,20.23,20.665,20.08,20.44,39950380.0
2024-12-27,20.21,20.605,20.09,20.3,48260830.0
2024-12-30,20.01,20.115,19.73,19.82,59608126.0
2024-12-31,19.99,20.4,19.88,20.05,49846656.0
