dt,sym,open,high,low,close,vol
2012-08-13,INTC,26.76,26.83,26.41,26.69,23623918.0
2012-08-14,INTC,26.8,26.81,26.38,26.48,27477260.0
2012-08-15,INTC,26.23,26.47,26.19,26.27,26081909.0
2012-08-16,INTC,26.44,26.65,26.34,26.59,25702363.0
2012-08-17,INTC,26.57,26.63,26.21,26.33,30379903.0
2012-08-18,INTC,26.57,26.63,26.21,26.33,30379903.0
2012-08-19,INTC,26.57,26.63,26.21,26.33,30379903.0
2012-08-20,INTC,26.22,26.33,26.1,26.23,25602646.0
2012-08-21,INTC,26.33,26.34,25.99,26.11,31663615.0
2012-08-22,INTC,25.89,26.01,25.66,25.73,33629348.0
2012-08-23,INTC,25.58,25.58,24.93,25.04,51404063.0
2012-08-24,INTC,25.05,25.07,24.7,24.91,45187476.0
2012-08-25,INTC,25.05,25.07,24.7,24.91,45187476.0
2012-08-26,INTC,25.05,25.07,24.7,24.91,45187476.0
2012-08-27,INTC,24.86,24.94,24.75,24.84,34434214.0
2012-08-28,INTC,24.79,25.01,24.68,25.0,33121059.0
2012-08-29,INTC,24.93,24.96,24.54,24.67,60466739.0
2012-08-30,INTC,24.57,24.64,24.15,24.27,37184069.0
2012-08-31,INTC,24.5,25.0,24.48,24.83,43448215.0
2012-09-01,INTC,24.5,25.0,24.48,24.83,43448215.0
2012-09-02,INTC,24.5,25.0,24.48,24.83,43448215.0
2012-09-03,INTC,24.5,25.0,24.48,24.83,43448215.0
2012-09-04,INTC,25.03,25.06,24.27,24.42,40696298.0
2012-09-05,INTC,24.4,24.78,24.19,24.39,38604189.0
2012-09-06,INTC,24.47,25.1,24.46,25.1,40188756.0
2012-09-07,INTC,24.13,24.7,24.01,24.19,86289482.0
2012-09-08,INTC,24.13,24.7,24.01,24.19,86289482.0
2012-09-09,INTC,24.13,24.7,24.01,24.19,86289482.0
2012-09-10,INTC,23.95,24.6,23.17,23.26,80584598.0
2012-09-11,INTC,23.3,23.65,23.2,23.34,54241191.0
2012-09-12,INTC,23.39,23.58,23.06,23.19,44872479.0
2012-09-13,INTC,23.01,23.41,22.83,23.36,52998246.0
2012-09-14,INTC,23.45,23.54,23.23,23.37,47987874.0
2012-09-15,INTC,23.45,23.54,23.23,23.37,47987874.0
2012-09-16,INTC,23.45,23.54,23.23,23.37,47987874.0
2012-09-17,INTC,23.29,23.44,23.16,23.31,36169871.0
2012-09-18,INTC,23.31,23.52,23.14,23.37,41953136.0
2012-09-19,INTC,23.5,23.51,23.14,23.15,39459735.0
2012-09-20,INTC,23.09,23.18,22.99,23.18,33083719.0
2012-09-21,INTC,23.22,23.27,23.01,23.12,56249066.0
2012-09-22,INTC,23.22,23.27,23.01,23.12,56249066.0
2012-09-23,INTC,23.22,23.27,23.01,23.12,56249066.0
2012-09-24,INTC,22.93,22.95,22.52,22.8,48848531.0
2012-09-25,INTC,22.95,22.96,22.51,22.54,49535056.0
2012-09-26,INTC,22.57,22.75,22.48,22.64,49734618.0
2012-09-27,INTC,22.76,23.14,22.65,23.08,43880654.0
2012-09-28,INTC,23.06,23.06,22.59,22.66,47926538.0
2012-09-29,INTC,23.06,23.06,22.59,22.66,47926538.0
2012-09-30,INTC,23.06,23.06,22.59,22.66,47926538.0
2012-10-01,INTC,22.75,23.17,22.68,22.76,55266053.0
2012-10-02,INTC,22.89,23.0,22.66,22.84,36389344.0
2012-10-03,INTC,22.86,22.97,22.49,22.55,49779589.0
2012-10-04,INTC,22.58,22.62,22.27,22.46,52982312.0
2012-10-05,INTC,22.66,22.9,22.58,22.68,38348355.0
2012-10-06,INTC,22.66,22.9,22.58,22.68,38348355.0
2012-10-07,INTC,22.66,22.9,22.58,22.68,38348355.0
2012-10-08,INTC,22.62,22.62,22.4,22.51,29708078.0
2012-10-09,INTC,22.16,22.19,21.85,21.9,66317340.0
2012-10-10,INTC,21.9,22.0,21.7,21.76,47188810.0
2012-10-11,INTC,21.87,21.88,21.52,21.68,36817447.0
2012-10-12,INTC,21.58,21.85,21.4,21.48,46277941.0
2012-10-13,INTC,21.58,21.85,21.4,21.48,46277941.0
2012-10-14,INTC,21.58,21.85,21.4,21.48,46277941.0
2012-10-15,INTC,21.53,21.9,21.5,21.73,49513763.0
2012-10-16,INTC,21.99,22.47,21.95,22.35,80706915.0
2012-10-17,INTC,21.27,21.98,21.26,21.79,99061992.0
2012-10-18,INTC,21.82,21.86,21.6,21.67,42926980.0
2012-10-19,INTC,21.67,21.69,21.22,21.26,55622220.0
2012-10-20,INTC,21.67,21.69,21.22,21.26,55622220.0
2012-10-21,INTC,21.67,21.69,21.22,21.26,55622220.0
2012-10-22,INTC,21.4,21.56,21.3,21.46,36501777.0
2012-10-23,INTC,21.32,21.77,21.3,21.59,47202228.0
2012-10-24,INTC,21.73,21.74,21.41,21.46,33237750.0
2012-10-25,INTC,21.58,21.75,21.51,21.69,79234201.0
2012-10-26,INTC,21.77,22.02,21.6,21.95,92417424.0
2012-10-27,INTC,21.77,22.02,21.6,21.95,92417424.0
2012-10-28,INTC,21.77,22.02,21.6,21.95,92417424.0
2012-10-29,INTC,21.77,22.02,21.6,21.95,92417424.0
2012-10-30,INTC,21.77,22.02,21.6,21.95,92417424.0
2012-10-31,INTC,22.01,22.09,21.59,21.63,40618002.0
2012-11-01,INTC,21.76,22.41,21.72,22.26,50364216.0
2012-11-02,INTC,22.39,22.54,22.02,22.06,51737555.0
2012-11-03,INTC,22.39,22.54,22.02,22.06,51737555.0
2012-11-04,INTC,22.39,22.54,22.02,22.06,51737555.0
2012-11-05,INTC,22.02,22.11,21.72,21.84,48797373.0
2012-11-06,INTC,21.73,22.0,21.63,21.73,49862931.0
2012-11-07,INTC,21.54,21.55,20.9,20.91,70960098.0
2012-11-08,INTC,20.9,21.13,20.82,20.83,38089923.0
2012-11-09,INTC,20.81,21.14,20.8,20.8,35021478.0
2012-11-10,INTC,20.81,21.14,20.8,20.8,35021478.0
2012-11-11,INTC,20.81,21.14,20.8,20.8,35021478.0
2012-11-12,INTC,20.88,20.91,20.65,20.76,27267452.0
2012-11-13,INTC,20.57,20.82,20.18,20.28,56379188.0
2012-11-14,INTC,20.42,20.5,19.95,19.96,58961209.0
2012-11-15,INTC,20.01,20.29,19.98,20.03,45740033.0
2012-11-16,INTC,20.07,20.26,19.77,20.19,50860123.0
2012-11-17,INTC,20.07,20.26,19.77,20.19,50860123.0
2012-11-18,INTC,20.07,20.26,19.77,20.19,50860123.0
2012-11-19,INTC,19.99,20.45,19.73,20.25,69433790.0
2012-11-20,INTC,19.88,19.88,19.35,19.51,85743290.0
2012-11-21,INTC,19.52,19.55,19.23,19.36,95635985.0
2012-11-22,INTC,19.52,19.55,19.23,19.36,95635985.0
2012-11-23,INTC,19.53,19.84,19.51,19.72,51711398.0
2012-11-24,INTC,19.53,19.84,19.51,19.72,51711398.0
2012-11-25,INTC,19.53,19.84,19.51,19.72,51711398.0
2012-11-26,INTC,19.69,19.92,19.62,19.88,67047830.0
2012-11-27,INTC,19.95,20.19,19.92,19.93,44898108.0
2012-11-28,INTC,19.89,20.11,19.64,20.09,43226214.0
2012-11-29,INTC,19.83,20.04,19.46,19.53,64928942.0
2012-11-30,INTC,19.63,19.77,19.42,19.56,51437510.0
2012-12-01,INTC,19.63,19.77,19.42,19.56,51437510.0
2012-12-02,INTC,19.63,19.77,19.42,19.56,51437510.0
2012-12-03,INTC,19.88,19.92,19.5,19.54,50636903.0
2012-12-04,INTC,19.63,20.05,19.61,19.97,57945692.0
2012-12-05,INTC,19.94,20.02,19.74,19.85,45855549.0
2012-12-06,INTC,19.99,20.29,19.97,20.16,46291151.0
2012-12-07,INTC,20.33,20.36,20.03,20.16,41704645.0
2012-12-08,INTC,20.33,20.36,20.03,20.16,41704645.0
2012-12-09,INTC,20.33,20.36,20.03,20.16,41704645.0
2012-12-10,INTC,20.15,20.17,19.98,20.08,27278498.0
2012-12-11,INTC,20.16,20.74,20.15,20.65,51039795.0
2012-12-12,INTC,20.86,20.99,20.54,20.67,48357865.0
2012-12-13,INTC,20.63,20.92,20.44,20.49,41613895.0
2012-12-14,INTC,20.52,20.74,20.35,20.53,34153874.0
2012-12-15,INTC,20.52,20.74,20.35,20.53,34153874.0
2012-12-16,INTC,20.52,20.74,20.35,20.53,34153874.0
2012-12-17,INTC,20.55,20.69,20.36,20.57,34967744.0
2012-12-18,INTC,20.68,20.99,20.57,20.96,41606350.0
2012-12-19,INTC,21.07,21.31,20.86,21.1,52806572.0
2012-12-20,INTC,21.21,21.24,20.88,21.03,34014897.0
2012-12-21,INTC,20.66,20.85,20.48,20.76,62002279.0
2012-12-22,INTC,20.66,20.85,20.48,20.76,62002279.0
2012-12-23,INTC,20.66,20.85,20.48,20.76,62002279.0
2012-12-24,INTC,20.65,20.73,20.51,20.64,14200785.0
2012-12-25,INTC,20.65,20.73,20.51,20.64,14200785.0
2012-12-26,INTC,20.74,20.93,20.64,20.65,22494176.0
2012-12-27,INTC,20.7,20.76,20.31,20.51,31712232.0
2012-12-28,INTC,20.35,20.49,20.21,20.23,25906819.0
2012-12-29,INTC,20.35,20.49,20.21,20.23,25906819.0
2012-12-30,INTC,20.35,20.49,20.21,20.23,25906819.0
2012-12-31,INTC,20.24,20.66,20.16,20.62,41148403.0
2013-01-01,INTC,20.24,20.66,20.16,20.62,41148403.0
2013-01-02,INTC,21.15,21.38,21.05,21.38,47629713.0
2013-01-03,INTC,21.4,21.48,21.14,21.32,41060281.0
2013-01-04,INTC,21.36,21.39,21.05,21.16,30149719.0
2013-01-05,INTC,21.36,21.39,21.05,21.16,30149719.0
2013-01-06,INTC,21.36,21.39,21.05,21.16,30149719.0
2013-01-07,INTC,21.28,21.45,21.18,21.25,36355891.0
2013-01-08,INTC,21.23,21.56,21.02,21.09,48676730.0
2013-01-09,INTC,21.22,21.47,21.2,21.45,34295106.0
2013-01-10,INTC,21.61,21.82,21.53,21.8,44629665.0
2013-01-11,INTC,21.8,22.07,21.77,22.0,44945784.0
2013-01-12,INTC,21.8,22.07,21.77,22.0,44945784.0
2013-01-13,INTC,21.8,22.07,21.77,22.0,44945784.0
2013-01-14,INTC,21.98,22.13,21.75,22.0,35724489.0
2013-01-15,INTC,21.95,22.13,21.78,21.88,33998459.0
2013-01-16,INTC,21.91,22.2,21.85,22.11,36768305.0
2013-01-17,INTC,22.12,23.06,22.11,22.68,101019600.0
2013-01-18,INTC,21.36,21.44,21.03,21.25,143760042.0
2013-01-19,INTC,21.36,21.44,21.03,21.25,143760042.0
2013-01-20,INTC,21.36,21.44,21.03,21.25,143760042.0
2013-01-21,INTC,21.36,21.44,21.03,21.25,143760042.0
2013-01-22,INTC,21.28,21.29,21.03,21.17,51126765.0
2013-01-23,INTC,21.2,21.22,21.04,21.11,42432236.0
2013-01-24,INTC,21.1,21.18,20.93,20.95,58405402.0
2013-01-25,INTC,21.04,21.07,20.88,20.96,107633730.0
2013-01-26,INTC,21.04,21.07,20.88,20.96,107633730.0
2013-01-27,INTC,21.04,21.07,20.88,20.96,107633730.0
2013-01-28,INTC,21.01,21.09,20.99,21.05,105403377.0
2013-01-29,INTC,21.09,21.3,21.01,21.28,105706005.0
2013-01-30,INTC,21.29,21.46,21.22,21.37,34153463.0
2013-01-31,INTC,21.3,21.32,21.02,21.04,36534069.0
2013-02-01,INTC,21.19,21.36,21.09,21.36,31872593.0
2013-02-02,INTC,21.19,21.36,21.09,21.36,31872593.0
2013-02-03,INTC,21.19,21.36,21.09,21.36,31872593.0
2013-02-04,INTC,21.3,21.38,21.15,21.16,38345564.0
2013-02-05,INTC,21.14,21.33,21.06,21.18,30080738.0
2013-02-06,INTC,21.16,21.2,20.91,20.99,32367068.0
2013-02-07,INTC,20.97,20.97,20.7,20.81,41019682.0
2013-02-08,INTC,20.9,21.09,20.88,21.0,28155318.0
2013-02-09,INTC,20.9,21.09,20.88,21.0,28155318.0
2013-02-10,INTC,20.9,21.09,20.88,21.0,28155318.0
2013-02-11,INTC,21.0,21.06,20.92,21.03,18901625.0
2013-02-12,INTC,21.03,21.25,20.99,21.19,28393517.0
2013-02-13,INTC,21.22,21.3,21.14,21.25,21272456.0
2013-02-14,INTC,21.13,21.28,21.06,21.23,35263020.0
2013-02-15,INTC,21.23,21.3,20.99,21.12,33811619.0
2013-02-16,INTC,21.23,21.3,20.99,21.12,33811619.0
2013-02-17,INTC,21.23,21.3,20.99,21.12,33811619.0
2013-02-18,INTC,21.23,21.3,20.99,21.12,33811619.0
2013-02-19,INTC,21.18,21.21,21.06,21.08,31073759.0
2013-02-20,INTC,21.09,21.1,20.7,20.73,46119735.0
2013-02-21,INTC,20.75,20.76,20.12,20.25,60754485.0
2013-02-22,INTC,20.32,20.49,20.1,20.42,34537678.0
2013-02-23,INTC,20.32,20.49,20.1,20.42,34537678.0
2013-02-24,INTC,20.32,20.49,20.1,20.42,34537678.0
2013-02-25,INTC,20.57,20.65,20.23,20.23,41525543.0
2013-02-26,INTC,20.49,20.85,20.41,20.58,67248599.0
2013-02-27,INTC,20.6,21.04,20.51,20.93,46970239.0
2013-02-28,INTC,20.91,21.08,20.82,20.88,34811131.0
2013-03-01,INTC,20.79,21.19,20.66,21.03,45699184.0
2013-03-02,INTC,20.79,21.19,20.66,21.03,45699184.0
2013-03-03,INTC,20.79,21.19,20.66,21.03,45699184.0
2013-03-04,INTC,21.16,21.29,20.96,21.27,47554032.0
2013-03-05,INTC,21.34,21.59,21.3,21.51,38801017.0
2013-03-06,INTC,21.53,21.78,21.51,21.75,37190642.0
2013-03-07,INTC,21.8,21.99,21.75,21.89,42379932.0
2013-03-08,INTC,21.95,22.04,21.46,21.58,44997953.0
2013-03-09,INTC,21.95,22.04,21.46,21.58,44997953.0
2013-03-10,INTC,21.95,22.04,21.46,21.58,44997953.0
2013-03-11,INTC,21.53,21.74,21.28,21.69,42151975.0
2013-03-12,INTC,21.66,21.73,21.45,21.64,28618678.0
2013-03-13,INTC,21.56,21.7,21.46,21.66,24617820.0
2013-03-14,INTC,21.74,21.85,21.51,21.65,28837853.0
2013-03-15,INTC,21.61,21.7,21.27,21.38,52955004.0
2013-03-16,INTC,21.61,21.7,21.27,21.38,52955004.0
2013-03-17,INTC,21.61,21.7,21.27,21.38,52955004.0
2013-03-18,INTC,21.24,21.49,21.19,21.26,35188245.0
2013-03-19,INTC,21.26,21.36,21.01,21.14,42549394.0
2013-03-20,INTC,21.31,21.36,21.11,21.18,29918955.0
2013-03-21,INTC,21.01,21.14,20.9,21.04,32607512.0
2013-03-22,INTC,21.15,21.34,21.08,21.33,30803194.0
2013-03-23,INTC,21.15,21.34,21.08,21.33,30803194.0
2013-03-24,INTC,21.15,21.34,21.08,21.33,30803194.0
2013-03-25,INTC,21.39,21.42,21.08,21.15,32741027.0
2013-03-26,INTC,21.28,21.77,21.25,21.76,39553689.0
2013-03-27,INTC,21.62,21.98,21.51,21.83,45378436.0
2013-03-28,INTC,21.85,21.91,21.6,21.84,33338697.0
2013-03-29,INTC,21.85,21.91,21.6,21.84,33338697.0
2013-03-30,INTC,21.85,21.91,21.6,21.84,33338697.0
2013-03-31,INTC,21.85,21.91,21.6,21.84,33338697.0
2013-04-01,INTC,21.67,21.7,21.32,21.43,33722266.0
2013-04-02,INTC,21.52,21.58,21.32,21.46,28168028.0
2013-04-03,INTC,21.45,21.5,21.01,21.05,36620726.0
2013-04-04,INTC,21.05,21.19,20.96,21.14,28703623.0
2013-04-05,INTC,20.94,20.97,20.75,20.94,36724443.0
2013-04-06,INTC,20.94,20.97,20.75,20.94,36724443.0
2013-04-07,INTC,20.94,20.97,20.75,20.94,36724443.0
2013-04-08,INTC,20.89,21.09,20.8,21.09,34214691.0
2013-04-09,INTC,21.11,21.89,21.06,21.75,61522740.0
2013-04-10,INTC,21.72,22.42,21.71,22.26,67102818.0
2013-04-11,INTC,21.73,21.91,21.49,21.82,59299768.0
2013-04-12,INTC,21.74,21.8,21.47,21.68,34034793.0
2013-04-13,INTC,21.74,21.8,21.47,21.68,34034793.0
2013-04-14,INTC,21.74,21.8,21.47,21.68,34034793.0
2013-04-15,INTC,21.5,21.71,21.36,21.38,38459138.0
2013-04-16,INTC,21.47,21.93,21.42,21.92,64766913.0
2013-04-17,INTC,21.79,22.14,21.57,21.93,79463639.0
2013-04-18,INTC,22.05,22.4,21.9,22.24,76238038.0
2013-04-19,INTC,22.27,22.45,22.21,22.44,49103813.0
2013-04-20,INTC,22.27,22.45,22.21,22.44,49103813.0
2013-04-21,INTC,22.27,22.45,22.21,22.44,49103813.0
2013-04-22,INTC,22.48,22.94,22.35,22.88,52819796.0
2013-04-23,INTC,22.98,23.45,22.93,23.38,62494015.0
2013-04-24,INTC,23.28,23.79,23.24,23.66,54287639.0
2013-04-25,INTC,23.65,23.87,23.32,23.38,109181732.0
2013-04-26,INTC,23.31,23.56,23.14,23.4,101379072.0
2013-04-27,INTC,23.31,23.56,23.14,23.4,101379072.0
2013-04-28,INTC,23.31,23.56,23.14,23.4,101379072.0
2013-04-29,INTC,23.44,23.83,23.4,23.76,102145799.0
2013-04-30,INTC,23.72,24.0,23.64,23.95,41471153.0
2013-05-01,INTC,23.82,24.17,23.81,23.99,38373731.0
2013-05-02,INTC,23.73,24.15,23.67,24.11,33494273.0
2013-05-03,INTC,24.22,24.22,23.95,23.96,30086351.0
2013-05-04,INTC,24.22,24.22,23.95,23.96,30086351.0
2013-05-05,INTC,24.22,24.22,23.95,23.96,30086351.0
2013-05-06,INTC,24.17,24.21,23.85,23.91,31009084.0
2013-05-07,INTC,23.97,24.25,23.94,24.15,38605523.0
2013-05-08,INTC,24.04,24.29,23.96,24.25,24903239.0
2013-05-09,INTC,24.2,24.57,24.1,24.36,31336269.0
2013-05-10,INTC,24.42,24.54,24.35,24.5,22559539.0
2013-05-11,INTC,24.42,24.54,24.35,24.5,22559539.0
2013-05-12,INTC,24.42,24.54,24.35,24.5,22559539.0
2013-05-13,INTC,24.41,24.49,24.03,24.08,28535193.0
2013-05-14,INTC,24.08,24.17,23.78,23.84,36697465.0
2013-05-15,INTC,23.89,24.2,23.81,24.2,33570199.0
2013-05-16,INTC,24.06,24.4,23.93,23.94,29815251.0
2013-05-17,INTC,24.12,24.22,23.9,24.04,36278248.0
2013-05-18,INTC,24.12,24.22,23.9,24.04,36278248.0
2013-05-19,INTC,24.12,24.22,23.9,24.04,36278248.0
2013-05-20,INTC,24.08,24.25,24.0,24.08,31326157.0
2013-05-21,INTC,24.1,24.25,24.0,24.15,37919972.0
2013-05-22,INTC,24.13,24.53,23.94,24.07,49689245.0
2013-05-23,INTC,23.88,24.12,23.84,24.05,38136445.0
2013-05-24,INTC,23.92,24.04,23.58,23.92,30863048.0
2013-05-25,INTC,23.92,24.04,23.58,23.92,30863048.0
2013-05-26,INTC,23.92,24.04,23.58,23.92,30863048.0
2013-05-27,INTC,23.92,24.04,23.58,23.92,30863048.0
2013-05-28,INTC,24.16,24.4,24.0,24.08,31158321.0
2013-05-29,INTC,23.96,24.38,23.89,24.27,31654258.0
2013-05-30,INTC,24.28,24.5,24.21,24.21,26306929.0
2013-05-31,INTC,24.23,24.71,24.13,24.28,47796670.0
2013-06-01,INTC,24.23,24.71,24.13,24.28,47796670.0
2013-06-02,INTC,24.23,24.71,24.13,24.28,47796670.0
2013-06-03,INTC,25.16,25.45,24.83,25.24,76493424.0
2013-06-04,INTC,25.56,25.98,25.35,25.36,68524049.0
2013-06-05,INTC,25.11,25.28,24.65,24.7,53343574.0
2013-06-06,INTC,24.75,24.94,24.27,24.65,40026694.0
2013-06-07,INTC,24.4,24.7,24.22,24.59,35543558.0
2013-06-08,INTC,24.4,24.7,24.22,24.59,35543558.0
2013-06-09,INTC,24.4,24.7,24.22,24.59,35543558.0
2013-06-10,INTC,24.71,25.09,24.64,25.01,29783771.0
2013-06-11,INTC,24.83,25.08,24.63,24.71,27047719.0
2013-06-12,INTC,24.96,25.0,24.41,24.46,24538384.0
2013-06-13,INTC,24.46,25.01,24.4,24.99,27709957.0
2013-06-14,INTC,25.02,25.14,24.84,24.92,24690993.0
2013-06-15,INTC,25.02,25.14,24.84,24.92,24690993.0
2013-06-16,INTC,25.02,25.14,24.84,24.92,24690993.0
2013-06-17,INTC,25.11,25.35,24.91,25.1,42653010.0
2013-06-18,INTC,25.07,25.65,25.07,25.46,36677351.0
2013-06-19,INTC,25.49,25.68,25.0,25.0,28850122.0
2013-06-20,INTC,24.73,24.75,24.1,24.18,63569376.0
2013-06-21,INTC,24.31,24.35,24.09,24.2,67753451.0
2013-06-22,INTC,24.31,24.35,24.09,24.2,67753451.0
2013-06-23,INTC,24.31,24.35,24.09,24.2,67753451.0
2013-06-24,INTC,24.08,24.22,23.41,23.58,49150221.0
2013-06-25,INTC,23.83,23.94,23.57,23.88,34571452.0
2013-06-26,INTC,24.2,24.24,23.89,24.0,33647912.0
2013-06-27,INTC,24.1,24.35,24.01,24.05,25565547.0
2013-06-28,INTC,23.93,24.41,23.73,24.23,80413820.0
2013-06-29,INTC,23.93,24.41,23.73,24.23,80413820.0
2013-06-30,INTC,23.93,24.41,23.73,24.23,80413820.0
2013-07-01,INTC,24.35,24.42,23.84,23.89,29701494.0
2013-07-02,INTC,23.87,24.04,23.54,23.72,28293568.0
2013-07-03,INTC,23.7,23.9,23.45,23.76,18167164.0
2013-07-04,INTC,23.7,23.9,23.45,23.76,18167164.0
2013-07-05,INTC,23.95,24.08,23.68,24.06,17837832.0
2013-07-06,INTC,23.95,24.08,23.68,24.06,17837832.0
2013-07-07,INTC,23.95,24.08,23.68,24.06,17837832.0
2013-07-08,INTC,23.86,23.91,23.03,23.18,68832396.0
2013-07-09,INTC,23.3,23.42,23.11,23.14,34747781.0
2013-07-10,INTC,23.14,23.3,22.64,23.25,50037456.0
2013-07-11,INTC,23.56,24.0,23.47,23.99,41315910.0
2013-07-12,INTC,23.95,24.0,23.65,23.9,34563307.0
2013-07-13,INTC,23.95,24.0,23.65,23.9,34563307.0
2013-07-14,INTC,23.95,24.0,23.65,23.9,34563307.0
2013-07-15,INTC,23.84,23.97,23.76,23.94,25650750.0
2013-07-16,INTC,24.0,24.3,23.9,24.25,34499286.0
2013-07-17,INTC,24.3,24.43,24.04,24.15,44084112.0
2013-07-18,INTC,23.47,23.61,23.16,23.24,77863876.0
2013-07-19,INTC,23.11,23.15,22.81,23.04,45875736.0
2013-07-20,INTC,23.11,23.15,22.81,23.04,45875736.0
2013-07-21,INTC,23.11,23.15,22.81,23.04,45875736.0
2013-07-22,INTC,23.07,23.12,22.73,22.77,35890877.0
2013-07-23,INTC,22.85,22.99,22.64,22.75,28523652.0
2013-07-24,INTC,22.93,23.0,22.63,22.93,33432617.0
2013-07-25,INTC,22.85,23.06,22.82,23.06,114566891.0
2013-07-26,INTC,22.94,23.26,22.9,23.26,110479611.0
2013-07-27,INTC,22.94,23.26,22.9,23.26,110479611.0
2013-07-28,INTC,22.94,23.26,22.9,23.26,110479611.0
2013-07-29,INTC,23.17,23.3,23.07,23.24,85543536.0
2013-07-30,INTC,23.3,23.5,23.28,23.38,28858119.0
2013-07-31,INTC,23.37,23.46,23.26,23.34,27680406.0
2013-08-01,INTC,23.41,23.49,23.02,23.2,37832634.0
2013-08-02,INTC,23.18,23.22,23.0,23.22,36242101.0
2013-08-03,INTC,23.18,23.22,23.0,23.22,36242101.0
2013-08-04,INTC,23.18,23.22,23.0,23.22,36242101.0
2013-08-05,INTC,23.0,23.02,22.85,22.92,20875722.0
2013-08-06,INTC,22.88,22.93,22.71,22.8,28847106.0
2013-08-07,INTC,22.71,22.79,22.55,22.7,23350895.0
2013-08-08,INTC,22.75,22.78,22.41,22.45,34796899.0
2013-08-09,INTC,22.41,22.55,22.31,22.51,25146264.0
2013-08-10,INTC,22.41,22.55,22.31,22.51,25146264.0
2013-08-11,INTC,22.41,22.55,22.31,22.51,25146264.0
2013-08-12,INTC,22.48,22.7,22.45,22.64,23521573.0
2013-08-13,INTC,22.69,22.7,22.39,22.52,26101706.0
2013-08-14,INTC,22.4,22.74,22.35,22.57,23202466.0
2013-08-15,INTC,22.28,22.41,21.97,22.03,40451126.0
2013-08-16,INTC,22.06,22.19,21.89,21.92,30086549.0
2013-08-17,INTC,22.06,22.19,21.89,21.92,30086549.0
2013-08-18,INTC,22.06,22.19,21.89,21.92,30086549.0
2013-08-19,INTC,22.08,22.7,22.05,22.28,43419052.0
2013-08-20,INTC,22.31,22.68,22.3,22.52,32084301.0
2013-08-21,INTC,22.54,22.58,22.06,22.17,32403299.0
2013-08-22,INTC,22.26,22.39,22.17,22.26,17380589.0
2013-08-23,INTC,22.34,22.57,22.33,22.44,23088692.0
2013-08-24,INTC,22.34,22.57,22.33,22.44,23088692.0
2013-08-25,INTC,22.34,22.57,22.33,22.44,23088692.0
2013-08-26,INTC,22.4,22.52,22.23,22.28,22267723.0
2013-08-27,INTC,22.12,22.22,22.0,22.19,37638472.0
2013-08-28,INTC,22.2,22.41,22.13,22.28,28091782.0
2013-08-29,INTC,22.24,22.44,22.04,22.06,28308224.0
2013-08-30,INTC,22.24,22.25,21.9,21.98,33896245.0
2013-08-31,INTC,22.24,22.25,21.9,21.98,33896245.0
2013-09-01,INTC,22.24,22.25,21.9,21.98,33896245.0
2013-09-02,INTC,22.24,22.25,21.9,21.98,33896245.0
2013-09-03,INTC,22.21,22.24,21.97,22.07,26428342.0
2013-09-04,INTC,22.38,22.78,22.28,22.64,37951407.0
2013-09-05,INTC,22.68,22.73,22.49,22.6,22552729.0
2013-09-06,INTC,22.69,22.82,22.4,22.67,27610492.0
2013-09-07,INTC,22.69,22.82,22.4,22.67,27610492.0
2013-09-08,INTC,22.69,22.82,22.4,22.67,27610492.0
2013-09-09,INTC,22.72,23.03,22.7,22.91,27770557.0
2013-09-10,INTC,23.07,23.13,22.93,22.98,31707770.0
2013-09-11,INTC,22.91,22.98,22.71,22.81,38794164.0
2013-09-12,INTC,22.78,22.84,22.6,22.63,29519152.0
2013-09-13,INTC,23.05,23.46,23.04,23.44,61134772.0
2013-09-14,INTC,23.05,23.46,23.04,23.44,61134772.0
2013-09-15,INTC,23.05,23.46,23.04,23.44,61134772.0
2013-09-16,INTC,23.63,23.71,23.35,23.39,30256854.0
2013-09-17,INTC,23.69,23.89,23.67,23.74,37540658.0
2013-09-18,INTC,23.85,23.92,23.56,23.9,31984202.0
2013-09-19,INTC,23.96,24.08,23.84,23.92,28261402.0
2013-09-20,INTC,23.94,23.96,23.57,23.77,47068978.0
2013-09-21,INTC,23.94,23.96,23.57,23.77,47068978.0
2013-09-22,INTC,23.94,23.96,23.57,23.77,47068978.0
2013-09-23,INTC,23.7,23.85,23.61,23.62,22441558.0
2013-09-24,INTC,23.58,23.85,23.58,23.7,24410084.0
2013-09-25,INTC,23.78,23.81,23.58,23.7,19879861.0
2013-09-26,INTC,23.75,23.8,23.2,23.41,32003269.0
2013-09-27,INTC,23.21,23.39,22.88,22.98,28927780.0
2013-09-28,INTC,23.21,23.39,22.88,22.98,28927780.0
2013-09-29,INTC,23.21,23.39,22.88,22.98,28927780.0
2013-09-30,INTC,22.72,23.17,22.6,22.92,32489648.0
2013-10-01,INTC,22.94,23.04,22.7,22.83,25888784.0
2013-10-02,INTC,22.71,22.9,22.67,22.88,23212646.0
2013-10-03,INTC,22.82,22.84,22.5,22.6,34888536.0
2013-10-04,INTC,22.6,22.85,22.6,22.81,22550850.0
2013-10-05,INTC,22.6,22.85,22.6,22.81,22550850.0
2013-10-06,INTC,22.6,22.85,22.6,22.81,22550850.0
2013-10-07,INTC,22.71,23.0,22.57,22.83,21329903.0
2013-10-08,INTC,22.87,22.88,22.48,22.48,36111185.0
2013-10-09,INTC,22.51,22.96,22.48,22.59,40435399.0
2013-10-10,INTC,22.98,23.22,22.92,23.1,39189449.0
2013-10-11,INTC,22.83,23.26,22.82,23.26,24550617.0
2013-10-12,INTC,22.83,23.26,22.82,23.26,24550617.0
2013-10-13,INTC,22.83,23.26,22.82,23.26,24550617.0
2013-10-14,INTC,23.08,23.49,23.03,23.45,27176739.0
2013-10-15,INTC,23.4,23.59,23.32,23.39,42957663.0
2013-10-16,INTC,23.26,23.74,23.22,23.7,47723436.0
2013-10-17,INTC,23.58,23.94,23.49,23.92,28694879.0
2013-10-18,INTC,23.86,23.98,23.68,23.88,29579081.0
2013-10-19,INTC,23.86,23.98,23.68,23.88,29579081.0
2013-10-20,INTC,23.86,23.98,23.68,23.88,29579081.0
2013-10-21,INTC,23.94,24.17,23.82,24.14,35297562.0
2013-10-22,INTC,24.17,24.2,24.01,24.07,29010789.0
2013-10-23,INTC,23.93,24.05,23.56,23.74,31651063.0
2013-10-24,INTC,23.86,23.97,23.78,23.78,47590182.0
2013-10-25,INTC,24.11,24.24,24.02,24.24,59634667.0
2013-10-26,INTC,24.11,24.24,24.02,24.24,59634667.0
2013-10-27,INTC,24.11,24.24,24.02,24.24,59634667.0
2013-10-28,INTC,24.18,24.49,24.17,24.36,65581627.0
2013-10-29,INTC,24.4,24.67,24.35,24.52,29961745.0
2013-10-30,INTC,24.53,24.68,24.4,24.5,24096164.0
2013-10-31,INTC,24.52,24.73,24.43,24.47,30902030.0
2013-11-01,INTC,24.51,24.65,24.22,24.32,28305937.0
2013-11-02,INTC,24.51,24.65,24.22,24.32,28305937.0
2013-11-03,INTC,24.51,24.65,24.22,24.32,28305937.0
2013-11-04,INTC,24.32,24.4,24.15,24.26,26639821.0
2013-11-05,INTC,23.92,24.11,23.77,24.03,22849924.0
2013-11-06,INTC,24.06,24.31,23.89,24.24,25525728.0
2013-11-07,INTC,24.37,24.38,24.0,24.06,25631064.0
2013-11-08,INTC,24.03,24.12,23.84,24.09,31502897.0
2013-11-09,INTC,24.03,24.12,23.84,24.09,31502897.0
2013-11-10,INTC,24.03,24.12,23.84,24.09,31502897.0
2013-11-11,INTC,24.04,24.29,23.93,24.17,19236745.0
2013-11-12,INTC,23.99,24.5,23.98,24.43,37816024.0
2013-11-13,INTC,24.25,24.62,24.2,24.6,22990316.0
2013-11-14,INTC,24.43,24.5,24.35,24.38,20198931.0
2013-11-15,INTC,24.4,24.55,24.25,24.52,22866454.0
2013-11-16,INTC,24.4,24.55,24.25,24.52,22866454.0
2013-11-17,INTC,24.4,24.55,24.25,24.52,22866454.0
2013-11-18,INTC,24.61,24.7,24.48,24.6,24712483.0
2013-11-19,INTC,24.74,24.87,24.61,24.7,24870201.0
2013-11-20,INTC,24.7,24.82,24.46,24.56,20288748.0
2013-11-21,INTC,24.61,25.29,24.52,25.23,44050581.0
2013-11-22,INTC,24.5,24.51,23.84,23.87,77908144.0
2013-11-23,INTC,24.5,24.51,23.84,23.87,77908144.0
2013-11-24,INTC,24.5,24.51,23.84,23.87,77908144.0
2013-11-25,INTC,24.02,24.02,23.5,23.75,43394042.0
2013-11-26,INTC,23.79,23.84,23.52,23.65,30602711.0
2013-11-27,INTC,23.64,23.92,23.52,23.9,28419157.0
2013-11-28,INTC,23.64,23.92,23.52,23.9,28419157.0
2013-11-29,INTC,23.9,23.99,23.76,23.84,13802865.0
2013-11-30,INTC,23.9,23.99,23.76,23.84,13802865.0
2013-12-01,INTC,23.9,23.99,23.76,23.84,13802865.0
2013-12-02,INTC,24.0,24.0,23.65,23.7,25686740.0
2013-12-03,INTC,23.69,23.73,23.4,23.55,35072177.0
2013-12-04,INTC,23.52,23.85,23.52,23.74,43501471.0
2013-12-05,INTC,23.82,24.35,23.75,24.26,45404927.0
2013-12-06,INTC,24.97,25.25,24.75,24.82,53874561.0
2013-12-07,INTC,24.97,25.25,24.75,24.82,53874561.0
2013-12-08,INTC,24.97,25.25,24.75,24.82,53874561.0
2013-12-09,INTC,24.84,25.08,24.68,24.93,29618358.0
2013-12-10,INTC,24.85,24.97,24.66,24.82,18203665.0
2013-12-11,INTC,24.75,24.88,24.4,24.42,24682422.0
2013-12-12,INTC,24.69,24.89,24.42,24.47,21917817.0
2013-12-13,INTC,24.22,24.49,24.16,24.29,20634285.0
2013-12-14,INTC,24.22,24.49,24.16,24.29,20634285.0
2013-12-15,INTC,24.22,24.49,24.16,24.29,20634285.0
2013-12-16,INTC,24.42,24.71,24.33,24.45,25061185.0
2013-12-17,INTC,24.38,24.77,24.38,24.66,28165241.0
2013-12-18,INTC,24.73,25.2,24.53,25.15,42686950.0
2013-12-19,INTC,25.11,25.24,24.89,25.14,31880650.0
2013-12-20,INTC,25.15,25.35,25.04,25.06,55383979.0
2013-12-21,INTC,25.15,25.35,25.04,25.06,55383979.0
2013-12-22,INTC,25.15,25.35,25.04,25.06,55383979.0
2013-12-23,INTC,25.27,25.43,25.18,25.32,28120814.0
2013-12-24,INTC,25.38,25.62,25.35,25.43,12157877.0
2013-12-25,INTC,25.38,25.62,25.35,25.43,12157877.0
2013-12-26,INTC,25.43,25.7,25.43,25.7,16958540.0
2013-12-27,INTC,25.75,25.8,25.48,25.6,12972781.0
2013-12-28,INTC,25.75,25.8,25.48,25.6,12972781.0
2013-12-29,INTC,25.75,25.8,25.48,25.6,12972781.0
2013-12-30,INTC,25.67,25.85,25.6,25.85,19788908.0
2013-12-31,INTC,25.81,26.04,25.77,25.96,22809682.0
2014-01-01,INTC,25.81,26.04,25.77,25.96,22809682.0
2014-01-02,INTC,25.78,25.82,25.47,25.79,31843697.0
2014-01-03,INTC,25.86,25.9,25.6,25.78,27803865.0
2014-01-04,INTC,25.86,25.9,25.6,25.78,27803865.0
2014-01-05,INTC,25.86,25.9,25.6,25.78,27803865.0
2014-01-06,INTC,25.77,25.79,25.45,25.46,31831801.0
2014-01-07,INTC,25.54,25.73,25.46,25.58,19684835.0
2014-01-08,INTC,25.64,25.71,25.3,25.43,29685075.0
2014-01-09,INTC,25.42,25.55,25.25,25.31,20888496.0
2014-01-10,INTC,25.5,25.85,25.5,25.53,30620993.0
2014-01-11,INTC,25.5,25.85,25.5,25.53,30620993.0
2014-01-12,INTC,25.5,25.85,25.5,25.53,30620993.0
2014-01-13,INTC,25.63,25.99,25.42,25.5,40304830.0
2014-01-14,INTC,26.01,26.55,25.9,26.51,74158157.0
2014-01-15,INTC,26.72,27.12,26.61,26.67,58315241.0
2014-01-16,INTC,26.64,26.74,26.32,26.54,49521751.0
2014-01-17,INTC,25.36,25.86,25.25,25.85,112538007.0
2014-01-18,INTC,25.36,25.86,25.25,25.85,112538007.0
2014-01-19,INTC,25.36,25.86,25.25,25.85,112538007.0
2014-01-20,INTC,25.36,25.86,25.25,25.85,112538007.0
2014-01-21,INTC,25.85,25.8,25.27,25.59,42325495.0
2014-01-22,INTC,25.39,25.54,25.15,25.31,48797804.0
2014-01-23,INTC,25.17,25.25,24.9,25.13,40281051.0
2014-01-24,INTC,24.88,25.19,24.79,24.81,35200630.0
2014-01-25,INTC,24.88,25.19,24.79,24.81,35200630.0
2014-01-26,INTC,24.88,25.19,24.79,24.81,35200630.0
2014-01-27,INTC,24.77,24.99,24.66,24.72,32582499.0
2014-01-28,INTC,24.71,25.04,24.57,24.9,32485557.0
2014-01-29,INTC,24.75,24.96,24.63,24.68,27180053.0
2014-01-30,INTC,24.75,24.89,24.54,24.74,24624111.0
2014-01-31,INTC,24.45,24.65,24.4,24.54,28858179.0
2014-02-01,INTC,24.45,24.65,24.4,24.54,28858179.0
2014-02-02,INTC,24.45,24.65,24.4,24.54,28858179.0
2014-02-03,INTC,24.5,24.51,23.89,23.95,52928170.0
2014-02-04,INTC,23.99,24.04,23.58,23.82,50888089.0
2014-02-05,INTC,23.7,23.76,23.5,23.52,32484587.0
2014-02-06,INTC,23.6,24.08,23.55,23.99,28049363.0
2014-02-07,INTC,24.2,24.26,23.77,24.2,30885856.0
2014-02-08,INTC,24.2,24.26,23.77,24.2,30885856.0
2014-02-09,INTC,24.2,24.26,23.77,24.2,30885856.0
2014-02-10,INTC,24.11,24.37,24.06,24.29,24571791.0
2014-02-11,INTC,24.35,24.52,24.33,24.47,17947958.0
2014-02-12,INTC,24.51,24.69,24.37,24.55,25925263.0
2014-02-13,INTC,24.43,24.74,24.31,24.7,22940043.0
2014-02-14,INTC,24.58,24.76,24.41,24.76,20592672.0
2014-02-15,INTC,24.58,24.76,24.41,24.76,20592672.0
2014-02-16,INTC,24.58,24.76,24.41,24.76,20592672.0
2014-02-17,INTC,24.58,24.76,24.41,24.76,20592672.0
2014-02-18,INTC,24.67,24.78,24.55,24.76,17749250.0
2014-02-19,INTC,24.65,24.72,24.42,24.5,25743616.0
2014-02-20,INTC,24.54,24.85,24.5,24.74,20230664.0
2014-02-21,INTC,24.95,24.96,24.35,24.42,30617671.0
2014-02-22,INTC,24.95,24.96,24.35,24.42,30617671.0
2014-02-23,INTC,24.95,24.96,24.35,24.42,30617671.0
2014-02-24,INTC,24.51,24.88,24.41,24.63,24173569.0
2014-02-25,INTC,24.67,24.71,24.46,24.62,21613463.0
2014-02-26,INTC,24.74,24.98,24.61,24.8,19820163.0
2014-02-27,INTC,24.8,24.8,24.51,24.76,20866873.0
2014-02-28,INTC,24.79,24.84,24.57,24.76,23483725.0
2014-03-01,INTC,24.79,24.84,24.57,24.76,23483725.0
2014-03-02,INTC,24.79,24.84,24.57,24.76,23483725.0
2014-03-03,INTC,24.55,24.59,24.3,24.5,25754580.0
2014-03-04,INTC,24.72,24.78,24.5,24.61,23714667.0
2014-03-05,INTC,24.7,24.71,24.4,24.5,21071351.0
2014-03-06,INTC,24.57,24.65,24.38,24.63,22416271.0
2014-03-07,INTC,24.7,24.85,24.57,24.64,25380925.0
2014-03-08,INTC,24.7,24.85,24.57,24.64,25380925.0
2014-03-09,INTC,24.7,24.85,24.57,24.64,25380925.0
2014-03-10,INTC,24.61,24.89,24.58,24.84,24945279.0
2014-03-11,INTC,24.78,24.85,24.61,24.73,26695627.0
2014-03-12,INTC,24.65,24.88,24.61,24.76,21259016.0
2014-03-13,INTC,24.8,25.0,24.43,24.57,26243253.0
2014-03-14,INTC,24.48,24.64,24.4,24.5,21807232.0
2014-03-15,INTC,24.48,24.64,24.4,24.5,21807232.0
2014-03-16,INTC,24.48,24.64,24.4,24.5,21807232.0
2014-03-17,INTC,24.64,24.82,24.49,24.7,18525794.0
2014-03-18,INTC,24.68,24.9,24.55,24.82,26344019.0
2014-03-19,INTC,24.85,25.25,24.77,25.02,34229423.0
2014-03-20,INTC,25.0,25.59,24.94,25.42,37009068.0
2014-03-21,INTC,25.61,25.68,25.16,25.17,56864569.0
2014-03-22,INTC,25.61,25.68,25.16,25.17,56864569.0
2014-03-23,INTC,25.61,25.68,25.16,25.17,56864569.0
2014-03-24,INTC,25.21,25.38,24.92,25.12,36951569.0
2014-03-25,INTC,25.19,25.67,25.17,25.46,32317416.0
2014-03-26,INTC,25.59,25.74,25.32,25.38,26442817.0
2014-03-27,INTC,25.36,25.75,25.29,25.31,27209145.0
2014-03-28,INTC,25.41,25.81,25.32,25.62,22884455.0
2014-03-29,INTC,25.41,25.81,25.32,25.62,22884455.0
2014-03-30,INTC,25.41,25.81,25.32,25.62,22884455.0
2014-03-31,INTC,25.65,26.06,25.62,25.81,29336281.0
2014-04-01,INTC,25.8,26.0,25.64,25.99,23779846.0
2014-04-02,INTC,25.96,26.05,25.64,25.89,22464708.0
2014-04-03,INTC,26.15,26.46,26.14,26.41,38581278.0
2014-04-04,INTC,26.49,26.73,26.1,26.16,47918021.0
2014-04-05,INTC,26.49,26.73,26.1,26.16,47918021.0
2014-04-06,INTC,26.49,26.73,26.1,26.16,47918021.0
2014-04-07,INTC,26.3,26.74,26.2,26.48,49813483.0
2014-04-08,INTC,26.36,26.98,26.35,26.91,56699485.0
2014-04-09,INTC,26.93,27.02,26.73,26.98,34481773.0
2014-04-10,INTC,27.01,27.09,26.36,26.42,40478238.0
2014-04-11,INTC,26.27,26.59,26.17,26.18,36126904.0
2014-04-12,INTC,26.27,26.59,26.17,26.18,36126904.0
2014-04-13,INTC,26.27,26.59,26.17,26.18,36126904.0
2014-04-14,INTC,26.31,26.65,26.14,26.56,26958006.0
2014-04-15,INTC,26.51,26.83,26.36,26.77,45074434.0
2014-04-16,INTC,26.98,27.24,26.6,26.93,59037351.0
2014-04-17,INTC,26.88,27.16,26.79,27.04,38112609.0
2014-04-18,INTC,26.88,27.16,26.79,27.04,38112609.0
2014-04-19,INTC,26.88,27.16,26.79,27.04,38112609.0
2014-04-20,INTC,26.88,27.16,26.79,27.04,38112609.0
2014-04-21,INTC,27.05,27.05,26.73,26.95,20399688.0
2014-04-22,INTC,26.91,26.98,26.66,26.84,29602313.0
2014-04-23,INTC,26.8,26.97,26.72,26.75,25581417.0
2014-04-24,INTC,26.81,26.96,26.64,26.75,25432837.0
2014-04-25,INTC,26.65,26.72,26.18,26.26,33617211.0
2014-04-26,INTC,26.65,26.72,26.18,26.26,33617211.0
2014-04-27,INTC,26.65,26.72,26.18,26.26,33617211.0
2014-04-28,INTC,26.17,26.39,26.01,26.33,33472820.0
2014-04-29,INTC,26.36,26.66,26.35,26.48,22146001.0
2014-04-30,INTC,26.32,26.7,26.22,26.69,25863926.0
2014-05-01,INTC,26.51,26.67,26.39,26.45,19755249.0
2014-05-02,INTC,26.56,26.64,26.4,26.41,24236459.0
2014-05-03,INTC,26.56,26.64,26.4,26.41,24236459.0
2014-05-04,INTC,26.56,26.64,26.4,26.41,24236459.0
2014-05-05,INTC,26.16,26.26,25.99,26.17,20738950.0
2014-05-06,INTC,26.16,26.38,26.0,26.2,21818282.0
2014-05-07,INTC,26.26,26.45,26.22,26.37,24693262.0
2014-05-08,INTC,26.32,26.53,26.22,26.34,24168530.0
2014-05-09,INTC,26.37,26.41,26.22,26.3,20324413.0
2014-05-10,INTC,26.37,26.41,26.22,26.3,20324413.0
2014-05-11,INTC,26.37,26.41,26.22,26.3,20324413.0
2014-05-12,INTC,26.41,26.54,26.3,26.37,20607769.0
2014-05-13,INTC,26.49,26.54,26.33,26.45,20524972.0
2014-05-14,INTC,26.49,26.52,26.33,26.33,17811913.0
2014-05-15,INTC,26.33,26.5,26.01,26.01,31752745.0
2014-05-16,INTC,26.05,26.07,25.74,25.82,30017576.0
2014-05-17,INTC,26.05,26.07,25.74,25.82,30017576.0
2014-05-18,INTC,26.05,26.07,25.74,25.82,30017576.0
2014-05-19,INTC,25.75,26.09,25.75,26.04,22680849.0
2014-05-20,INTC,26.02,26.17,25.88,26.04,22293213.0
2014-05-21,INTC,26.1,26.25,26.0,26.2,18721592.0
2014-05-22,INTC,26.21,26.27,26.08,26.15,15926522.0
2014-05-23,INTC,26.15,26.3,26.14,26.29,17178021.0
2014-05-24,INTC,26.15,26.3,26.14,26.29,17178021.0
2014-05-25,INTC,26.15,26.3,26.14,26.29,17178021.0
2014-05-26,INTC,26.15,26.3,26.14,26.29,17178021.0
2014-05-27,INTC,26.33,26.74,26.18,26.71,27271940.0
2014-05-28,INTC,26.7,26.94,26.66,26.88,27150171.0
2014-05-29,INTC,26.91,26.96,26.72,26.96,20640029.0
2014-05-30,INTC,26.94,27.32,26.93,27.32,43641005.0
2014-05-31,INTC,26.94,27.32,26.93,27.32,43641005.0
2014-06-01,INTC,26.94,27.32,26.93,27.32,43641005.0
2014-06-02,INTC,27.31,27.35,27.12,27.26,20265670.0
2014-06-03,INTC,27.22,27.7,27.12,27.66,33257030.0
2014-06-04,INTC,27.51,27.76,27.5,27.6,21612727.0
2014-06-05,INTC,27.56,27.66,27.43,27.66,26546297.0
2014-06-06,INTC,27.78,28.21,27.73,28.17,34795599.0
2014-06-07,INTC,27.78,28.21,27.73,28.17,34795599.0
2014-06-08,INTC,27.78,28.21,27.73,28.17,34795599.0
2014-06-09,INTC,28.1,28.42,27.83,27.91,39934314.0
2014-06-10,INTC,27.85,28.33,27.72,28.24,34260634.0
2014-06-11,INTC,28.14,28.21,27.8,27.93,27749284.0
2014-06-12,INTC,27.86,28.1,27.77,27.96,31211438.0
2014-06-13,INTC,29.75,30.06,29.56,29.87,122194302.0
2014-06-14,INTC,29.75,30.06,29.56,29.87,122194302.0
2014-06-15,INTC,29.75,30.06,29.56,29.87,122194302.0
2014-06-16,INTC,29.72,30.15,29.67,30.01,36407788.0
2014-06-17,INTC,29.88,30.1,29.84,29.95,28441218.0
2014-06-18,INTC,29.88,29.98,29.67,29.93,34412750.0
2014-06-19,INTC,29.97,30.09,29.89,30.09,27166851.0
2014-06-20,INTC,30.07,30.2,30.03,30.2,39829862.0
2014-06-21,INTC,30.07,30.2,30.03,30.2,39829862.0
2014-06-22,INTC,30.07,30.2,30.03,30.2,39829862.0
2014-06-23,INTC,30.1,30.31,29.85,30.23,26529643.0
2014-06-24,INTC,30.16,30.83,30.09,30.5,53398112.0
2014-06-25,INTC,30.48,31.0,30.44,30.88,44294569.0
2014-06-26,INTC,30.81,30.9,30.61,30.78,26728433.0
2014-06-27,INTC,30.87,31.0,30.7,30.93,30776510.0
2014-06-28,INTC,30.87,31.0,30.7,30.93,30776510.0
2014-06-29,INTC,30.87,31.0,30.7,30.93,30776510.0
2014-06-30,INTC,30.87,31.0,30.66,30.9,21562544.0
2014-07-01,INTC,30.99,31.09,30.87,30.98,28240458.0
2014-07-02,INTC,30.99,31.05,30.8,30.98,16831171.0
2014-07-03,INTC,31.08,31.36,31.02,31.14,20437633.0
2014-07-04,INTC,31.08,31.36,31.02,31.14,20437633.0
2014-07-05,INTC,31.08,31.36,31.02,31.14,20437633.0
2014-07-06,INTC,31.08,31.36,31.02,31.14,20437633.0
2014-07-07,INTC,31.09,31.2,30.92,31.03,22237033.0
2014-07-08,INTC,31.0,31.08,30.7,30.79,37614506.0
2014-07-09,INTC,30.84,30.98,30.69,30.89,28302427.0
2014-07-10,INTC,30.6,31.33,30.44,31.26,32458765.0
2014-07-11,INTC,31.26,31.45,31.04,31.25,20053217.0
2014-07-12,INTC,31.26,31.45,31.04,31.25,20053217.0
2014-07-13,INTC,31.26,31.45,31.04,31.25,20053217.0
2014-07-14,INTC,31.41,31.58,31.34,31.49,24251533.0
2014-07-15,INTC,31.58,31.8,31.16,31.71,61218169.0
2014-07-16,INTC,33.31,34.74,33.21,34.65,135893228.0
2014-07-17,INTC,34.2,34.36,33.63,33.7,70591117.0
2014-07-18,INTC,33.8,33.84,33.39,33.7,46530079.0
2014-07-19,INTC,33.8,33.84,33.39,33.7,46530079.0
2014-07-20,INTC,33.8,33.84,33.39,33.7,46530079.0
2014-07-21,INTC,33.55,34.23,33.54,34.06,32097230.0
2014-07-22,INTC,34.16,34.83,34.07,34.79,42920550.0
2014-07-23,INTC,34.68,34.71,34.3,34.5,26078170.0
2014-07-24,INTC,34.38,34.68,34.1,34.25,33180903.0
2014-07-25,INTC,34.15,34.37,33.93,34.25,31614014.0
2014-07-26,INTC,34.15,34.37,33.93,34.25,31614014.0
2014-07-27,INTC,34.15,34.37,33.93,34.25,31614014.0
2014-07-28,INTC,34.23,34.32,33.88,34.23,30975052.0
2014-07-29,INTC,34.27,34.37,34.09,34.19,26143454.0
2014-07-30,INTC,34.31,34.57,34.04,34.35,32788878.0
2014-07-31,INTC,34.09,34.25,33.81,33.89,35432286.0
2014-08-01,INTC,33.75,34.03,33.61,33.74,33472580.0
2014-08-02,INTC,33.75,34.03,33.61,33.74,33472580.0
2014-08-03,INTC,33.75,34.03,33.61,33.74,33472580.0
2014-08-04,INTC,33.79,34.09,33.55,34.05,27250118.0
2014-08-05,INTC,34.05,33.78,32.6,32.82,49851005.0
2014-08-06,INTC,32.6,33.19,32.39,32.84,27924094.0
2014-08-07,INTC,32.93,33.15,32.54,32.68,27823411.0
2014-08-08,INTC,32.78,33.0,32.54,32.6,35489572.0
2014-08-09,INTC,32.78,33.0,32.54,32.6,35489572.0
2014-08-10,INTC,32.78,33.0,32.54,32.6,35489572.0
2014-08-11,INTC,32.82,33.24,32.81,33.02,27723925.0
2014-08-12,INTC,32.91,33.15,32.68,33.13,24814652.0
2014-08-13,INTC,33.24,34.15,33.23,34.1,36291008.0
2014-08-14,INTC,34.05,34.23,33.74,33.94,25457954.0
2014-08-15,INTC,34.1,34.21,33.71,34.17,28582224.0
2014-08-16,INTC,34.1,34.21,33.71,34.17,28582224.0
2014-08-17,INTC,34.1,34.21,33.71,34.17,28582224.0
2014-08-18,INTC,34.26,34.47,33.98,34.41,27233549.0
2014-08-19,INTC,34.5,34.5,34.25,34.34,29283445.0
2014-08-20,INTC,34.23,34.51,34.18,34.5,27142650.0
2014-08-21,INTC,34.46,35.19,34.45,35.15,37164868.0
2014-08-22,INTC,35.2,35.2,34.91,34.94,21197845.0
2014-08-23,INTC,35.2,35.2,34.91,34.94,21197845.0
2014-08-24,INTC,35.2,35.2,34.91,34.94,21197845.0
2014-08-25,INTC,35.09,35.15,34.65,34.81,18614486.0
2014-08-26,INTC,34.79,35.05,34.69,34.8,19664736.0
2014-08-27,INTC,34.89,34.94,34.63,34.79,17168931.0
2014-08-28,INTC,34.61,34.81,34.61,34.65,18908864.0
2014-08-29,INTC,34.81,34.94,34.67,34.92,32305331.0
2014-08-30,INTC,34.81,34.94,34.67,34.92,32305331.0
2014-08-31,INTC,34.81,34.94,34.67,34.92,32305331.0
2014-09-01,INTC,34.81,34.94,34.67,34.92,32305331.0
2014-09-02,INTC,34.76,34.91,34.43,34.57,32095584.0
2014-09-03,INTC,34.82,34.88,34.45,34.57,26668973.0
2014-09-04,INTC,34.53,35.09,34.52,34.9,27633583.0
2014-09-05,INTC,34.92,35.12,34.83,35.0,20842220.0
2014-09-06,INTC,34.92,35.12,34.83,35.0,20842220.0
2014-09-07,INTC,34.92,35.12,34.83,35.0,20842220.0
2014-09-08,INTC,34.96,35.56,34.88,35.33,24860766.0
2014-09-09,INTC,35.29,35.29,34.85,34.91,22334672.0
2014-09-10,INTC,34.85,35.13,34.67,35.02,19964378.0
2014-09-11,INTC,34.79,35.02,34.53,35.02,21958239.0
2014-09-12,INTC,34.9,34.91,34.5,34.62,26733700.0
2014-09-13,INTC,34.9,34.91,34.5,34.62,26733700.0
2014-09-14,INTC,34.9,34.91,34.5,34.62,26733700.0
2014-09-15,INTC,34.71,34.77,34.23,34.54,22438275.0
2014-09-16,INTC,34.47,35.08,34.47,34.93,20878492.0
2014-09-17,INTC,34.91,35.2,34.74,34.98,26278958.0
2014-09-18,INTC,35.12,35.17,34.86,35.17,23815486.0
2014-09-19,INTC,35.16,35.22,34.82,34.82,46860142.0
2014-09-20,INTC,35.16,35.22,34.82,34.82,46860142.0
2014-09-21,INTC,35.16,35.22,34.82,34.82,46860142.0
2014-09-22,INTC,34.78,35.03,34.55,34.71,25448163.0
2014-09-23,INTC,34.71,34.71,34.38,34.42,25691469.0
2014-09-24,INTC,34.4,34.85,34.37,34.75,18829270.0
2014-09-25,INTC,34.68,34.79,33.88,34.14,34644687.0
2014-09-26,INTC,34.26,34.36,33.63,34.26,25883498.0
2014-09-27,INTC,34.26,34.36,33.63,34.26,25883498.0
2014-09-28,INTC,34.26,34.36,33.63,34.26,25883498.0
2014-09-29,INTC,34.06,34.99,33.94,34.9,29003106.0
2014-09-30,INTC,34.9,35.0,34.41,34.82,35274555.0
2014-10-01,INTC,34.61,34.78,33.84,33.99,35095646.0
2014-10-02,INTC,33.96,34.0,33.26,33.52,32911575.0
2014-10-03,INTC,33.66,34.18,33.47,34.03,25834842.0
2014-10-04,INTC,33.66,34.18,33.47,34.03,25834842.0
2014-10-05,INTC,33.66,34.18,33.47,34.03,25834842.0
2014-10-06,INTC,34.15,34.48,33.87,34.11,24323080.0
2014-10-07,INTC,34.04,34.05,33.42,33.47,25972716.0
2014-10-08,INTC,33.49,34.37,33.14,34.27,34963367.0
2014-10-09,INTC,34.15,34.43,33.58,33.62,28192889.0
2014-10-10,INTC,32.62,32.86,30.5,31.91,80917567.0
2014-10-11,INTC,32.62,32.86,30.5,31.91,80917567.0
2014-10-12,INTC,32.62,32.86,30.5,31.91,80917567.0
2014-10-13,INTC,31.72,32.37,31.47,31.47,42117454.0
2014-10-14,INTC,31.99,32.66,31.71,32.14,68671035.0
2014-10-15,INTC,30.54,31.65,29.65,31.28,92309007.0
2014-10-16,INTC,30.89,31.51,30.75,30.85,47787439.0
2014-10-17,INTC,31.2,31.71,30.97,31.38,37504513.0
2014-10-18,INTC,31.2,31.71,30.97,31.38,37504513.0
2014-10-19,INTC,31.2,31.71,30.97,31.38,37504513.0
2014-10-20,INTC,31.04,31.7,30.9,31.58,30523697.0
2014-10-21,INTC,31.67,32.62,31.58,32.61,33281716.0
2014-10-22,INTC,32.66,32.87,32.22,32.27,26725598.0
2014-10-23,INTC,32.72,32.91,32.6,32.69,22255305.0
2014-10-24,INTC,32.72,33.33,32.57,33.18,27814900.0
2014-10-25,INTC,32.72,33.33,32.57,33.18,27814900.0
2014-10-26,INTC,32.72,33.33,32.57,33.18,27814900.0
2014-10-27,INTC,33.08,33.3,32.77,33.2,23751948.0
2014-10-28,INTC,33.23,33.75,33.23,33.74,21859946.0
2014-10-29,INTC,33.76,33.97,33.51,33.92,24615225.0
2014-10-30,INTC,33.58,33.61,32.4,32.58,55217857.0
2014-10-31,INTC,33.74,34.01,33.18,34.01,52089698.0
2014-11-01,INTC,33.74,34.01,33.18,34.01,52089698.0
2014-11-02,INTC,33.74,34.01,33.18,34.01,52089698.0
2014-11-03,INTC,33.81,34.48,33.79,34.31,28703617.0
2014-11-04,INTC,34.25,34.78,34.2,34.54,34695928.0
2014-11-05,INTC,34.05,34.1,33.6,33.76,34705503.0
2014-11-06,INTC,33.69,34.23,33.41,33.82,25240559.0
2014-11-07,INTC,33.98,34.0,33.19,33.58,27604495.0
2014-11-08,INTC,33.98,34.0,33.19,33.58,27604495.0
2014-11-09,INTC,33.98,34.0,33.19,33.58,27604495.0
2014-11-10,INTC,33.43,33.49,33.08,33.26,30653627.0
2014-11-11,INTC,33.36,33.54,33.2,33.31,19676704.0
2014-11-12,INTC,33.23,33.42,33.0,33.38,22864222.0
2014-11-13,INTC,33.35,33.86,33.34,33.68,26449256.0
2014-11-14,INTC,33.75,33.97,33.35,33.95,18104633.0
2014-11-15,INTC,33.75,33.97,33.35,33.95,18104633.0
2014-11-16,INTC,33.75,33.97,33.35,33.95,18104633.0
2014-11-17,INTC,33.82,34.25,33.76,34.24,17646285.0
2014-11-18,INTC,34.19,34.9,34.16,34.71,30676720.0
2014-11-19,INTC,34.69,34.79,34.25,34.35,21289619.0
2014-11-20,INTC,34.14,35.97,34.0,35.95,61994706.0
2014-11-21,INTC,35.98,36.46,35.5,35.59,56721572.0
2014-11-22,INTC,35.98,36.46,35.5,35.59,56721572.0
2014-11-23,INTC,35.98,36.46,35.5,35.59,56721572.0
2014-11-24,INTC,35.89,36.43,35.84,36.25,33321144.0
2014-11-25,INTC,36.36,36.48,36.15,36.32,29093173.0
2014-11-26,INTC,36.37,36.99,36.28,36.9,24062025.0
2014-11-27,INTC,36.37,36.99,36.28,36.9,24062025.0
2014-11-28,INTC,37.04,37.69,36.94,37.25,19128510.0
2014-11-29,INTC,37.04,37.69,36.94,37.25,19128510.0
2014-11-30,INTC,37.04,37.69,36.94,37.25,19128510.0
2014-12-01,INTC,37.21,37.62,36.9,37.17,30904004.0
2014-12-02,INTC,37.18,37.6,37.18,37.6,28361104.0
2014-12-03,INTC,37.68,37.89,37.41,37.43,30660821.0
2014-12-04,INTC,37.4,37.46,37.04,37.46,23397863.0
2014-12-05,INTC,37.57,37.9,37.52,37.67,20527600.0
2014-12-06,INTC,37.57,37.9,37.52,37.67,20527600.0
2014-12-07,INTC,37.57,37.9,37.52,37.67,20527600.0
2014-12-08,INTC,37.46,37.73,36.94,37.2,28134819.0
2014-12-09,INTC,36.67,37.09,36.3,36.89,28487318.0
2014-12-10,INTC,36.93,37.02,36.3,36.42,27499869.0
2014-12-11,INTC,36.5,37.21,36.44,36.7,25090084.0
2014-12-12,INTC,36.45,36.82,36.22,36.22,29322529.0
2014-12-13,INTC,36.45,36.82,36.22,36.22,29322529.0
2014-12-14,INTC,36.45,36.82,36.22,36.22,29322529.0
2014-12-15,INTC,36.39,36.78,35.9,35.92,30633423.0
2014-12-16,INTC,35.86,36.5,35.56,35.56,31166334.0
2014-12-17,INTC,35.62,36.33,35.33,36.24,31637748.0
2014-12-18,INTC,36.75,37.02,36.43,37.02,32128124.0
2014-12-19,INTC,37.02,37.16,36.23,36.37,76786814.0
2014-12-20,INTC,37.02,37.16,36.23,36.37,76786814.0
2014-12-21,INTC,37.02,37.16,36.23,36.37,76786814.0
2014-12-22,INTC,36.39,37.26,36.39,37.21,29227071.0
2014-12-23,INTC,37.4,37.7,37.3,37.43,22169713.0
2014-12-24,INTC,37.47,37.6,37.18,37.44,12109122.0
2014-12-25,INTC,37.47,37.6,37.18,37.44,12109122.0
2014-12-26,INTC,37.52,37.74,37.52,37.55,14037176.0
2014-12-27,INTC,37.52,37.74,37.52,37.55,14037176.0
2014-12-28,INTC,37.52,37.74,37.52,37.55,14037176.0
2014-12-29,INTC,37.45,37.52,37.17,37.18,12203309.0
2014-12-30,INTC,37.08,37.19,36.76,36.76,15214093.0
2014-12-31,INTC,36.63,37.04,36.29,36.29,20393618.0
2015-01-01,INTC,36.63,37.04,36.29,36.29,20393618.0
2015-01-02,INTC,36.67,37.16,36.11,36.36,23605607.0
2015-01-03,INTC,36.67,37.16,36.11,36.36,23605607.0
2015-01-04,INTC,36.67,37.16,36.11,36.36,23605607.0
2015-01-05,INTC,36.2,36.45,35.94,35.95,32784975.0
2015-01-06,INTC,36.08,36.23,35.26,35.28,30847578.0
2015-01-07,INTC,35.64,36.07,35.27,36.02,27725167.0
2015-01-08,INTC,36.37,37.0,36.26,36.69,31765371.0
2015-01-09,INTC,36.77,37.11,36.4,36.76,22850524.0
2015-01-10,INTC,36.77,37.11,36.4,36.76,22850524.0
2015-01-11,INTC,36.77,37.11,36.4,36.76,22850524.0
2015-01-12,INTC,36.9,37.0,36.23,36.6,29400781.0
2015-01-13,INTC,36.87,37.49,36.29,36.5,31477952.0
2015-01-14,INTC,36.33,36.91,35.91,36.35,34250293.0
2015-01-15,INTC,36.52,36.88,36.03,36.19,47181771.0
2015-01-16,INTC,36.12,36.66,35.51,36.45,62812193.0
2015-01-17,INTC,36.12,36.66,35.51,36.45,62812193.0
2015-01-18,INTC,36.12,36.66,35.51,36.45,62812193.0
2015-01-19,INTC,36.12,36.66,35.51,36.45,62812193.0
2015-01-20,INTC,36.1,36.46,35.56,36.09,35929420.0
2015-01-21,INTC,35.85,36.68,35.77,36.48,27442597.0
2015-01-22,INTC,36.56,37.0,36.14,36.91,31809899.0
2015-01-23,INTC,36.96,37.03,36.38,36.44,27427055.0
2015-01-24,INTC,36.96,37.03,36.38,36.44,27427055.0
2015-01-25,INTC,36.96,37.03,36.38,36.44,27427055.0
2015-01-26,INTC,36.18,36.3,35.57,35.8,30906818.0
2015-01-27,INTC,34.4,34.72,33.55,34.18,58456203.0
2015-01-28,INTC,34.47,34.7,33.72,33.78,34929097.0
2015-01-29,INTC,33.84,34.28,33.46,34.21,29569376.0
2015-01-30,INTC,33.7,33.98,33.0,33.04,38719736.0
2015-01-31,INTC,33.7,33.98,33.0,33.04,38719736.0
2015-02-01,INTC,33.7,33.98,33.0,33.04,38719736.0
2015-02-02,INTC,33.06,33.75,32.65,33.65,38733750.0
2015-02-03,INTC,33.78,34.05,32.61,33.7,36038320.0
2015-02-04,INTC,33.67,33.84,33.3,33.6,25052751.0
2015-02-05,INTC,33.68,33.99,33.45,33.94,20491447.0
2015-02-06,INTC,33.92,34.0,33.14,33.3,29342447.0
2015-02-07,INTC,33.92,34.0,33.14,33.3,29342447.0
2015-02-08,INTC,33.92,34.0,33.14,33.3,29342447.0
2015-02-09,INTC,33.0,33.24,32.67,32.93,28705479.0
2015-02-10,INTC,33.2,33.73,33.05,33.7,20200009.0
2015-02-11,INTC,33.67,33.76,33.32,33.55,18364236.0
2015-02-12,INTC,33.98,34.13,33.76,34.12,20056660.0
2015-02-13,INTC,34.25,34.36,33.94,34.36,18037927.0
2015-02-14,INTC,34.25,34.36,33.94,34.36,18037927.0
2015-02-15,INTC,34.25,34.36,33.94,34.36,18037927.0
2015-02-16,INTC,34.25,34.36,33.94,34.36,18037927.0
2015-02-17,INTC,34.4,34.75,34.26,34.74,19374148.0
2015-02-18,INTC,34.65,34.71,34.19,34.26,19992887.0
2015-02-19,INTC,34.25,34.42,34.05,34.21,11017541.0
2015-02-20,INTC,34.15,34.57,33.91,34.41,20955571.0
2015-02-21,INTC,34.15,34.57,33.91,34.41,20955571.0
2015-02-22,INTC,34.15,34.57,33.91,34.41,20955571.0
2015-02-23,INTC,34.4,34.5,33.58,33.76,25565529.0
2015-02-24,INTC,33.61,34.49,33.51,34.41,29607469.0
2015-02-25,INTC,34.03,34.15,33.73,33.94,24686267.0
2015-02-26,INTC,33.62,33.88,33.43,33.65,25928435.0
2015-02-27,INTC,33.63,33.64,33.21,33.25,24427300.0
2015-02-28,INTC,33.63,33.64,33.21,33.25,24427300.0
2015-03-01,INTC,33.63,33.64,33.21,33.25,24427300.0
2015-03-02,INTC,33.29,34.12,33.12,34.06,25406355.0
2015-03-03,INTC,33.95,34.38,33.91,34.1,27331977.0
2015-03-04,INTC,33.86,34.41,33.72,34.12,23005798.0
2015-03-05,INTC,34.26,34.5,33.59,33.73,21225807.0
2015-03-06,INTC,33.54,33.68,33.08,33.19,32373136.0
2015-03-07,INTC,33.54,33.68,33.08,33.19,32373136.0
2015-03-08,INTC,33.54,33.68,33.08,33.19,32373136.0
2015-03-09,INTC,33.2,33.27,32.48,32.72,33058791.0
2015-03-10,INTC,32.24,32.41,31.5,31.7,50278887.0
2015-03-11,INTC,31.97,32.96,31.95,32.33,49683649.0
2015-03-12,INTC,31.01,31.6,30.58,30.8,107402364.0
2015-03-13,INTC,30.63,30.98,30.36,30.93,47954708.0
2015-03-14,INTC,30.63,30.98,30.36,30.93,47954708.0
2015-03-15,INTC,30.63,30.98,30.36,30.93,47954708.0
2015-03-16,INTC,30.93,31.11,30.65,30.83,33074615.0
2015-03-17,INTC,30.58,30.73,30.41,30.59,29215599.0
2015-03-18,INTC,30.41,31.2,30.3,30.89,39834081.0
2015-03-19,INTC,30.78,31.1,30.69,30.74,27414230.0
2015-03-20,INTC,30.99,31.62,30.93,31.31,64777075.0
2015-03-21,INTC,30.99,31.62,30.93,31.31,64777075.0
2015-03-22,INTC,30.99,31.62,30.93,31.31,64777075.0
2015-03-23,INTC,31.29,31.79,31.2,31.2,29693951.0
2015-03-24,INTC,31.16,31.32,30.74,30.79,28471374.0
2015-03-25,INTC,30.81,30.88,29.86,29.89,37690971.0
2015-03-26,INTC,29.5,30.4,29.31,30.08,45450135.0
2015-03-27,INTC,30.01,33.0,29.85,32.0,73857226.0
2015-03-28,INTC,30.01,33.0,29.85,32.0,73857226.0
2015-03-29,INTC,30.01,33.0,29.85,32.0,73857226.0
2015-03-30,INTC,31.66,32.1,31.3,31.46,51391541.0
2015-03-31,INTC,31.43,31.93,31.2,31.27,32098463.0
2015-04-01,INTC,31.13,31.32,30.65,30.81,31532086.0
2015-04-02,INTC,30.8,31.23,30.67,30.81,20909633.0
2015-04-03,INTC,30.8,31.23,30.67,30.81,20909633.0
2015-04-04,INTC,30.8,31.23,30.67,30.81,20909633.0
2015-04-05,INTC,30.8,31.23,30.67,30.81,20909633.0
2015-04-06,INTC,30.81,31.24,30.45,31.04,21490933.0
2015-04-07,INTC,31.07,31.58,31.0,31.26,23258261.0
2015-04-08,INTC,31.23,31.56,31.06,31.31,18250252.0
2015-04-09,INTC,30.68,31.62,30.57,31.24,34167586.0
2015-04-10,INTC,31.33,31.94,31.33,31.93,28084894.0
2015-04-11,INTC,31.33,31.94,31.33,31.93,28084894.0
2015-04-12,INTC,31.33,31.94,31.33,31.93,28084894.0
2015-04-13,INTC,31.81,32.05,31.71,31.73,23489022.0
2015-04-14,INTC,31.68,31.94,31.27,31.49,39754018.0
2015-04-15,INTC,32.26,32.99,32.06,32.83,61083450.0
2015-04-16,INTC,32.85,32.99,32.7,32.87,28903195.0
2015-04-17,INTC,32.51,32.7,32.22,32.47,30593601.0
2015-04-18,INTC,32.51,32.7,32.22,32.47,30593601.0
2015-04-19,INTC,32.51,32.7,32.22,32.47,30593601.0
2015-04-20,INTC,32.61,32.79,32.53,32.73,20649257.0
2015-04-21,INTC,32.93,32.97,32.28,32.43,19023835.0
2015-04-22,INTC,32.41,32.72,32.04,32.7,21144178.0
2015-04-23,INTC,32.04,32.41,32.01,32.35,23775289.0
2015-04-24,INTC,32.41,32.48,32.02,32.08,22759909.0
2015-04-25,INTC,32.41,32.48,32.02,32.08,22759909.0
2015-04-26,INTC,32.41,32.48,32.02,32.08,22759909.0
2015-04-27,INTC,32.08,32.69,32.08,32.5,25869583.0
2015-04-28,INTC,32.3,33.04,32.23,33.02,29572822.0
2015-04-29,INTC,32.56,33.0,32.55,32.88,21819019.0
2015-04-30,INTC,32.71,32.85,32.3,32.55,22013324.0
2015-05-01,INTC,32.63,33.49,32.62,33.42,27091249.0
2015-05-02,INTC,32.63,33.49,32.62,33.42,27091249.0
2015-05-03,INTC,32.63,33.49,32.62,33.42,27091249.0
2015-05-04,INTC,33.27,33.5,33.22,33.43,21397275.0
2015-05-05,INTC,33.0,33.1,32.56,32.64,29779184.0
2015-05-06,INTC,32.5,32.79,31.93,32.22,31985381.0
2015-05-07,INTC,32.27,32.63,32.18,32.24,21475299.0
2015-05-08,INTC,32.51,32.88,32.34,32.8,26926511.0
2015-05-09,INTC,32.51,32.88,32.34,32.8,26926511.0
2015-05-10,INTC,32.51,32.88,32.34,32.8,26926511.0
2015-05-11,INTC,32.68,32.71,32.43,32.69,18358579.0
2015-05-12,INTC,32.44,32.5,32.0,32.25,24530199.0
2015-05-13,INTC,32.27,32.9,32.27,32.64,20470841.0
2015-05-14,INTC,32.86,33.13,32.77,32.97,21098939.0
2015-05-15,INTC,33.09,33.12,32.75,32.99,17149694.0
2015-05-16,INTC,33.09,33.12,32.75,32.99,17149694.0
2015-05-17,INTC,33.09,33.12,32.75,32.99,17149694.0
2015-05-18,INTC,32.98,33.41,32.85,33.41,23689479.0
2015-05-19,INTC,33.36,33.38,32.99,33.15,21867134.0
2015-05-20,INTC,33.06,33.5,33.01,33.37,21359801.0
2015-05-21,INTC,33.21,33.56,33.07,33.55,21269776.0
2015-05-22,INTC,33.47,33.51,33.32,33.45,20845033.0
2015-05-23,INTC,33.47,33.51,33.32,33.45,20845033.0
2015-05-24,INTC,33.47,33.51,33.32,33.45,20845033.0
2015-05-25,INTC,33.47,33.51,33.32,33.45,20845033.0
2015-05-26,INTC,33.27,33.29,32.84,33.1,28594511.0
2015-05-27,INTC,33.2,33.85,33.13,33.71,30172655.0
2015-05-28,INTC,33.74,34.15,33.68,34.01,27065690.0
2015-05-29,INTC,34.24,34.75,34.21,34.46,43545500.0
2015-05-30,INTC,34.24,34.75,34.21,34.46,43545500.0
2015-05-31,INTC,34.24,34.75,34.21,34.46,43545500.0
2015-06-01,INTC,34.37,34.59,33.68,33.9,46734502.0
2015-06-02,INTC,33.64,33.75,33.14,33.27,36351102.0
2015-06-03,INTC,33.17,33.24,32.59,32.73,38138690.0
2015-06-04,INTC,32.51,32.72,32.2,32.31,33761835.0
2015-06-05,INTC,32.28,32.3,31.83,31.84,27778516.0
2015-06-06,INTC,32.28,32.3,31.83,31.84,27778516.0
2015-06-07,INTC,32.28,32.3,31.83,31.84,27778516.0
2015-06-08,INTC,31.81,31.95,31.21,31.3,38171576.0
2015-06-09,INTC,31.33,31.66,31.15,31.25,33976735.0
2015-06-10,INTC,31.46,32.16,31.37,31.82,33336820.0
2015-06-11,INTC,31.95,32.1,31.84,31.85,24293627.0
2015-06-12,INTC,31.72,32.1,31.2,31.32,31629752.0
2015-06-13,INTC,31.72,32.1,31.2,31.32,31629752.0
2015-06-14,INTC,31.72,32.1,31.2,31.32,31629752.0
2015-06-15,INTC,31.12,31.51,30.94,31.39,23174992.0
2015-06-16,INTC,31.26,31.76,31.13,31.64,20254468.0
2015-06-17,INTC,31.75,32.09,31.69,31.95,28194229.0
2015-06-18,INTC,32.08,32.5,32.0,32.38,27722373.0
2015-06-19,INTC,32.4,32.57,31.96,32.07,39008379.0
2015-06-20,INTC,32.4,32.57,31.96,32.07,39008379.0
2015-06-21,INTC,32.4,32.57,31.96,32.07,39008379.0
2015-06-22,INTC,32.26,32.38,32.08,32.26,23608409.0
2015-06-23,INTC,32.3,32.34,31.93,32.08,17995949.0
2015-06-24,INTC,32.15,32.15,31.88,31.91,23313889.0
2015-06-25,INTC,32.02,32.32,31.99,31.99,22743275.0
2015-06-26,INTC,31.51,31.53,30.76,31.02,62157179.0
2015-06-27,INTC,31.51,31.53,30.76,31.02,62157179.0
2015-06-28,INTC,31.51,31.53,30.76,31.02,62157179.0
2015-06-29,INTC,30.7,30.98,30.3,30.39,35194454.0
2015-06-30,INTC,30.63,30.69,30.15,30.42,34412200.0
2015-07-01,INTC,30.49,30.55,30.01,30.18,27178920.0
2015-07-02,INTC,30.18,30.92,30.1,30.56,27105223.0
2015-07-03,INTC,30.18,30.92,30.1,30.56,27105223.0
2015-07-04,INTC,30.18,30.92,30.1,30.56,27105223.0
2015-07-05,INTC,30.18,30.92,30.1,30.56,27105223.0
2015-07-06,INTC,30.24,30.45,29.84,30.04,32468065.0
2015-07-07,INTC,29.87,29.93,29.09,29.9,43833713.0
2015-07-08,INTC,29.4,29.67,29.15,29.5,45223830.0
2015-07-09,INTC,29.72,29.89,28.82,28.93,47167803.0
2015-07-10,INTC,29.2,29.35,28.94,29.17,31423799.0
2015-07-11,INTC,29.2,29.35,28.94,29.17,31423799.0
2015-07-12,INTC,29.2,29.35,28.94,29.17,31423799.0
2015-07-13,INTC,29.27,29.82,29.19,29.73,26452360.0
2015-07-14,INTC,29.66,30.11,29.44,29.65,39778254.0
2015-07-15,INTC,29.65,29.99,29.46,29.69,47852544.0
2015-07-16,INTC,30.47,30.48,29.1,29.9,81166689.0
2015-07-17,INTC,29.66,29.8,29.1,29.47,43697631.0
2015-07-18,INTC,29.66,29.8,29.1,29.47,43697631.0
2015-07-19,INTC,29.66,29.8,29.1,29.47,43697631.0
2015-07-20,INTC,29.62,29.62,29.06,29.1,33812936.0
2015-07-21,INTC,28.96,29.26,28.67,28.72,45190988.0
2015-07-22,INTC,28.57,28.85,28.43,28.6,36387172.0
2015-07-23,INTC,28.66,28.97,28.43,28.6,33775157.0
2015-07-24,INTC,28.53,28.64,28.06,28.06,31621031.0
2015-07-25,INTC,28.53,28.64,28.06,28.06,31621031.0
2015-07-26,INTC,28.53,28.64,28.06,28.06,31621031.0
2015-07-27,INTC,28.07,28.42,27.62,28.35,42161050.0
2015-07-28,INTC,28.51,29.18,28.44,28.96,33182433.0
2015-07-29,INTC,28.95,29.13,28.79,29.01,26470181.0
2015-07-30,INTC,29.1,29.45,28.85,28.91,26582443.0
2015-07-31,INTC,29.12,29.12,28.77,28.95,27158763.0
2015-08-01,INTC,29.12,29.12,28.77,28.95,27158763.0
2015-08-02,INTC,29.12,29.12,28.77,28.95,27158763.0
2015-08-03,INTC,29.0,29.35,28.9,29.05,26213584.0
2015-08-04,INTC,28.98,29.15,28.86,29.13,25741719.0
2015-08-05,INTC,29.19,29.39,29.02,29.12,23622731.0
2015-08-06,INTC,29.16,29.23,28.84,29.01,27958192.0
2015-08-07,INTC,28.8,28.96,28.69,28.88,25606125.0
2015-08-08,INTC,28.8,28.96,28.69,28.88,25606125.0
2015-08-09,INTC,28.8,28.96,28.69,28.88,25606125.0
2015-08-10,INTC,29.07,29.68,29.06,29.64,22807360.0
2015-08-11,INTC,29.47,29.48,28.96,28.97,23758859.0
2015-08-12,INTC,28.66,29.57,28.66,29.46,33639471.0
2015-08-13,INTC,29.4,29.45,28.87,28.87,18821945.0
2015-08-14,INTC,28.92,29.04,28.82,29.02,14302700.0
2015-08-15,INTC,28.92,29.04,28.82,29.02,14302700.0
2015-08-16,INTC,28.92,29.04,28.82,29.02,14302700.0
2015-08-17,INTC,28.83,29.2,28.71,29.08,15548322.0
2015-08-18,INTC,28.95,29.05,28.8,28.91,19182638.0
2015-08-19,INTC,28.65,28.8,28.28,28.36,30530143.0
2015-08-20,INTC,28.03,28.24,27.53,27.53,31492021.0
2015-08-21,INTC,27.33,27.63,26.56,26.56,51667557.0
2015-08-22,INTC,27.33,27.63,26.56,26.56,51667557.0
2015-08-23,INTC,27.33,27.63,26.56,26.56,51667557.0
2015-08-24,INTC,25.2,27.63,24.87,26.25,82795502.0
2015-08-25,INTC,27.04,27.15,25.87,25.87,58673070.0
2015-08-26,INTC,26.51,27.34,26.08,27.3,46911671.0
2015-08-27,INTC,27.72,27.91,27.01,27.72,38254366.0
2015-08-28,INTC,27.67,28.61,27.45,28.42,43004123.0
2015-08-29,INTC,27.67,28.61,27.45,28.42,43004123.0
2015-08-30,INTC,27.67,28.61,27.45,28.42,43004123.0
2015-08-31,INTC,28.33,29.13,28.16,28.54,42197540.0
2015-09-01,INTC,27.91,28.17,27.66,27.82,43630148.0
2015-09-02,INTC,28.35,28.6,28.14,28.6,34239270.0
2015-09-03,INTC,28.8,29.42,28.69,29.08,38312942.0
2015-09-04,INTC,28.57,28.9,28.41,28.52,28949235.0
2015-09-05,INTC,28.57,28.9,28.41,28.52,28949235.0
2015-09-06,INTC,28.57,28.9,28.41,28.52,28949235.0
2015-09-07,INTC,28.57,28.9,28.41,28.52,28949235.0
2015-09-08,INTC,28.98,29.5,28.95,29.5,27636395.0
2015-09-09,INTC,29.72,30.12,29.17,29.24,30669930.0
2015-09-10,INTC,29.18,29.66,28.9,29.27,25121514.0
2015-09-11,INTC,29.08,29.52,29.04,29.47,21611726.0
2015-09-12,INTC,29.08,29.52,29.04,29.47,21611726.0
2015-09-13,INTC,29.08,29.52,29.04,29.47,21611726.0
2015-09-14,INTC,29.47,29.53,29.09,29.39,24063694.0
2015-09-15,INTC,29.56,29.94,29.48,29.73,29399903.0
2015-09-16,INTC,29.62,29.79,29.4,29.77,25932009.0
2015-09-17,INTC,29.62,30.2,29.55,29.71,29468940.0
2015-09-18,INTC,29.22,29.42,28.8,29.02,60138714.0
2015-09-19,INTC,29.22,29.42,28.8,29.02,60138714.0
2015-09-20,INTC,29.22,29.42,28.8,29.02,60138714.0
2015-09-21,INTC,29.09,29.34,28.94,29.16,24179487.0
2015-09-22,INTC,28.67,28.9,28.48,28.67,26593221.0
2015-09-23,INTC,29.02,29.09,28.59,28.74,25769999.0
2015-09-24,INTC,28.38,28.67,27.87,28.48,32437480.0
2015-09-25,INTC,28.94,29.12,28.63,28.81,29042129.0
2015-09-26,INTC,28.94,29.12,28.63,28.81,29042129.0
2015-09-27,INTC,28.94,29.12,28.63,28.81,29042129.0
2015-09-28,INTC,28.68,29.36,28.64,28.76,41796066.0
2015-09-29,INTC,28.83,29.35,28.76,29.24,33790641.0
2015-09-30,INTC,29.56,30.32,29.54,30.14,40840801.0
2015-10-01,INTC,30.21,30.28,29.46,30.0,29314507.0
2015-10-02,INTC,29.67,30.52,29.53,30.51,27644563.0
2015-10-03,INTC,29.67,30.52,29.53,30.51,27644563.0
2015-10-04,INTC,29.67,30.52,29.53,30.51,27644563.0
2015-10-05,INTC,30.73,31.38,30.56,31.21,33689364.0
2015-10-06,INTC,31.16,31.85,31.11,31.74,34899798.0
2015-10-07,INTC,32.0,32.42,31.72,32.32,36796100.0
2015-10-08,INTC,32.23,32.6,31.98,32.52,27672359.0
2015-10-09,INTC,32.37,32.55,31.94,32.14,23810718.0
2015-10-10,INTC,32.37,32.55,31.94,32.14,23810718.0
2015-10-11,INTC,32.37,32.55,31.94,32.14,23810718.0
2015-10-12,INTC,32.16,32.32,32.0,32.21,18750128.0
2015-10-13,INTC,32.02,32.48,31.98,32.04,34227345.0
2015-10-14,INTC,31.39,32.93,30.85,32.8,75750751.0
2015-10-15,INTC,32.84,33.06,32.46,32.75,36909756.0
2015-10-16,INTC,32.75,33.2,32.48,33.04,28659157.0
2015-10-17,INTC,32.75,33.2,32.48,33.04,28659157.0
2015-10-18,INTC,32.75,33.2,32.48,33.04,28659157.0
2015-10-19,INTC,32.88,33.62,32.87,33.59,37017400.0
2015-10-20,INTC,33.4,33.7,33.31,33.44,24301012.0
2015-10-21,INTC,33.67,34.05,33.32,33.37,31928790.0
2015-10-22,INTC,33.7,34.5,33.59,34.4,38555833.0
2015-10-23,INTC,34.54,35.03,34.4,34.9,42674967.0
2015-10-24,INTC,34.54,35.03,34.4,34.9,42674967.0
2015-10-25,INTC,34.54,35.03,34.4,34.9,42674967.0
2015-10-26,INTC,34.77,34.96,34.55,34.59,22603479.0
2015-10-27,INTC,34.41,34.55,34.31,34.47,22034282.0
2015-10-28,INTC,34.47,34.71,34.12,34.71,21802897.0
2015-10-29,INTC,34.2,34.29,33.77,34.03,21224174.0
2015-10-30,INTC,34.1,34.29,33.86,33.86,24550346.0
2015-10-31,INTC,34.1,34.29,33.86,33.86,24550346.0
2015-11-01,INTC,34.1,34.29,33.86,33.86,24550346.0
2015-11-02,INTC,33.73,34.28,33.64,34.11,21515976.0
2015-11-03,INTC,34.0,34.41,33.98,34.31,17857606.0
2015-11-04,INTC,34.27,34.27,33.9,34.15,20734848.0
2015-11-05,INTC,34.1,34.2,33.73,34.0,16469657.0
2015-11-06,INTC,33.93,33.97,33.41,33.84,23619650.0
2015-11-07,INTC,33.93,33.97,33.41,33.84,23619650.0
2015-11-08,INTC,33.93,33.97,33.41,33.84,23619650.0
2015-11-09,INTC,33.6,33.83,33.08,33.35,24012086.0
2015-11-10,INTC,33.17,33.27,32.81,33.21,21905316.0
2015-11-11,INTC,33.16,33.38,32.8,32.86,19823084.0
2015-11-12,INTC,32.71,32.92,32.39,32.4,22949159.0
2015-11-13,INTC,32.27,32.38,31.96,32.11,22927282.0
2015-11-14,INTC,32.27,32.38,31.96,32.11,22927282.0
2015-11-15,INTC,32.27,32.38,31.96,32.11,22927282.0
2015-11-16,INTC,32.09,32.26,31.93,32.1,29362198.0
2015-11-17,INTC,32.15,32.88,32.01,32.64,22352653.0
2015-11-18,INTC,32.73,33.24,32.62,33.16,18311170.0
2015-11-19,INTC,33.22,34.73,33.13,34.3,45091136.0
2015-11-20,INTC,34.48,35.29,34.48,34.66,36892008.0
2015-11-21,INTC,34.48,35.29,34.48,34.66,36892008.0
2015-11-22,INTC,34.48,35.29,34.48,34.66,36892008.0
2015-11-23,INTC,34.72,34.85,34.41,34.48,20097094.0
2015-11-24,INTC,34.33,34.44,33.9,34.36,21364546.0
2015-11-25,INTC,34.26,34.74,34.14,34.45,17939406.0
2015-11-26,INTC,34.26,34.74,34.14,34.45,17939406.0
2015-11-27,INTC,34.54,34.68,34.4,34.46,6620757.0
2015-11-28,INTC,34.54,34.68,34.4,34.46,6620757.0
2015-11-29,INTC,34.54,34.68,34.4,34.46,6620757.0
2015-11-30,INTC,34.55,34.9,34.43,34.77,20131700.0
2015-12-01,INTC,35.0,35.2,34.71,35.09,23352203.0
2015-12-02,INTC,35.09,35.41,34.8,34.83,18644138.0
2015-12-03,INTC,34.97,34.99,34.0,34.04,30131055.0
2015-12-04,INTC,34.11,35.02,34.0,34.94,24900994.0
2015-12-05,INTC,34.11,35.02,34.0,34.94,24900994.0
2015-12-06,INTC,34.11,35.02,34.0,34.94,24900994.0
2015-12-07,INTC,34.79,35.17,34.75,34.98,17731885.0
2015-12-08,INTC,34.67,34.95,34.42,34.75,13380229.0
2015-12-09,INTC,34.88,35.22,34.51,34.81,22548299.0
2015-12-10,INTC,34.85,35.06,34.66,34.77,17400745.0
2015-12-11,INTC,34.31,34.65,34.2,34.27,21251423.0
2015-12-12,INTC,34.31,34.65,34.2,34.27,21251423.0
2015-12-13,INTC,34.31,34.65,34.2,34.27,21251423.0
2015-12-14,INTC,34.38,34.48,33.88,34.47,19357075.0
2015-12-15,INTC,34.65,35.35,34.64,35.18,24365862.0
2015-12-16,INTC,35.36,35.47,34.77,35.3,23257890.0
2015-12-17,INTC,35.32,35.37,34.76,34.91,24963557.0
2015-12-18,INTC,34.73,34.75,33.86,33.86,41336631.0
2015-12-19,INTC,34.73,34.75,33.86,33.86,41336631.0
2015-12-20,INTC,34.73,34.75,33.86,33.86,41336631.0
2015-12-21,INTC,34.11,34.3,33.82,34.24,18006803.0
2015-12-22,INTC,34.36,34.78,34.27,34.73,18421967.0
2015-12-23,INTC,34.95,35.05,34.78,35.0,12526530.0
2015-12-24,INTC,35.07,35.26,34.96,34.98,5893789.0
2015-12-25,INTC,35.07,35.26,34.96,34.98,5893789.0
2015-12-26,INTC,35.07,35.26,34.96,34.98,5893789.0
2015-12-27,INTC,35.07,35.26,34.96,34.98,5893789.0
2015-12-28,INTC,34.95,35.0,34.57,34.93,9449390.0
2015-12-29,INTC,35.01,35.59,35.01,35.44,14188583.0
2015-12-30,INTC,35.38,35.45,34.94,34.99,11566786.0
2015-12-31,INTC,34.82,34.96,34.44,34.45,14736687.0
2016-01-01,INTC,34.82,34.96,34.44,34.45,14736687.0
2016-01-02,INTC,34.82,34.96,34.44,34.45,14736687.0
2016-01-03,INTC,34.82,34.96,34.44,34.45,14736687.0
2016-01-04,INTC,33.88,34.01,33.46,33.99,27669050.0
2016-01-05,INTC,33.96,34.0,33.53,33.83,16709510.0
2016-01-06,INTC,33.25,33.52,32.8,33.08,25491255.0
2016-01-07,INTC,32.28,33.01,31.84,31.84,37680521.0
2016-01-08,INTC,32.09,32.22,31.43,31.51,29953840.0
2016-01-09,INTC,32.09,32.22,31.43,31.51,29953840.0
2016-01-10,INTC,32.09,32.22,31.43,31.51,29953840.0
2016-01-11,INTC,31.81,32.22,31.68,32.06,27732435.0
2016-01-12,INTC,32.76,32.89,32.27,32.68,28587697.0
2016-01-13,INTC,32.76,32.93,31.83,31.91,33862507.0
2016-01-14,INTC,31.97,32.87,31.8,32.74,46527996.0
2016-01-15,INTC,29.73,30.5,29.45,29.76,75768021.0
2016-01-16,INTC,29.73,30.5,29.45,29.76,75768021.0
2016-01-17,INTC,29.73,30.5,29.45,29.76,75768021.0
2016-01-18,INTC,29.73,30.5,29.45,29.76,75768021.0
2016-01-19,INTC,29.98,30.06,29.48,29.8,28595217.0
2016-01-20,INTC,29.35,29.87,29.21,29.59,39530285.0
2016-01-21,INTC,29.65,30.03,29.24,29.66,30142437.0
2016-01-22,INTC,30.12,30.24,29.51,29.92,25279762.0
2016-01-23,INTC,30.12,30.24,29.51,29.92,25279762.0
2016-01-24,INTC,30.12,30.24,29.51,29.92,25279762.0
2016-01-25,INTC,29.99,30.22,29.57,29.6,26263977.0
2016-01-26,INTC,29.61,30.05,29.61,29.94,24689760.0
2016-01-27,INTC,29.88,30.22,29.64,29.81,26136434.0
2016-01-28,INTC,30.02,30.18,29.75,29.97,22013858.0
2016-01-29,INTC,30.21,31.03,30.1,31.02,37972532.0
2016-01-30,INTC,30.21,31.03,30.1,31.02,37972532.0
2016-01-31,INTC,30.21,31.03,30.1,31.02,37972532.0
2016-02-01,INTC,30.72,31.12,30.64,30.82,18819957.0
2016-02-02,INTC,30.45,30.49,29.63,29.8,24800126.0
2016-02-03,INTC,29.72,29.72,28.52,29.34,44631950.0
2016-02-04,INTC,29.14,29.88,29.11,29.77,29109722.0
2016-02-05,INTC,29.58,29.76,28.91,29.04,27429383.0
2016-02-06,INTC,29.58,29.76,28.91,29.04,27429383.0
2016-02-07,INTC,29.58,29.76,28.91,29.04,27429383.0
2016-02-08,INTC,28.74,28.98,28.3,28.82,28623830.0
2016-02-09,INTC,28.49,29.14,28.41,28.81,22710592.0
2016-02-10,INTC,28.88,29.0,28.19,28.23,26850901.0
2016-02-11,INTC,27.83,28.41,27.68,28.22,28142620.0
2016-02-12,INTC,28.57,28.7,28.14,28.64,19507854.0
2016-02-13,INTC,28.57,28.7,28.14,28.64,19507854.0
2016-02-14,INTC,28.57,28.7,28.14,28.64,19507854.0
2016-02-15,INTC,28.57,28.7,28.14,28.64,19507854.0
2016-02-16,INTC,28.75,28.95,28.36,28.78,30354226.0
2016-02-17,INTC,28.86,29.62,28.73,29.47,27295051.0
2016-02-18,INTC,29.53,29.76,29.38,29.42,20261469.0
2016-02-19,INTC,29.2,29.33,28.71,28.71,41618797.0
2016-02-20,INTC,29.2,29.33,28.71,28.71,41618797.0
2016-02-21,INTC,29.2,29.33,28.71,28.71,41618797.0
2016-02-22,INTC,29.11,29.54,29.0,29.35,23750437.0
2016-02-23,INTC,29.3,29.34,28.6,28.8,26432913.0
2016-02-24,INTC,28.52,29.3,28.38,29.19,21444582.0
2016-02-25,INTC,29.32,29.62,28.95,29.62,17311044.0
2016-02-26,INTC,29.88,30.08,29.7,29.8,19878207.0
2016-02-27,INTC,29.88,30.08,29.7,29.8,19878207.0
2016-02-28,INTC,29.88,30.08,29.7,29.8,19878207.0
2016-02-29,INTC,29.72,30.14,29.58,29.59,21616487.0
2016-03-01,INTC,29.93,30.53,29.75,30.37,25355600.0
2016-03-02,INTC,30.3,30.87,30.12,30.54,23418506.0
2016-03-03,INTC,31.13,31.35,30.54,30.58,25608765.0
2016-03-04,INTC,30.5,30.86,30.05,30.63,20169869.0
2016-03-05,INTC,30.5,30.86,30.05,30.63,20169869.0
2016-03-06,INTC,30.5,30.86,30.05,30.63,20169869.0
2016-03-07,INTC,30.59,31.12,30.5,30.94,18858185.0
2016-03-08,INTC,30.83,30.88,30.38,30.56,18850558.0
2016-03-09,INTC,30.83,31.04,30.67,30.86,14572783.0
2016-03-10,INTC,31.14,31.4,30.38,31.25,29434616.0
2016-03-11,INTC,31.67,31.79,31.53,31.76,22394486.0
2016-03-12,INTC,31.67,31.79,31.53,31.76,22394486.0
2016-03-13,INTC,31.67,31.79,31.53,31.76,22394486.0
2016-03-14,INTC,31.66,31.69,31.3,31.43,17391304.0
2016-03-15,INTC,31.34,31.65,31.06,31.65,16927746.0
2016-03-16,INTC,31.49,31.8,31.17,31.69,26062419.0
2016-03-17,INTC,31.76,32.17,31.7,31.98,22813015.0
2016-03-18,INTC,32.16,32.69,32.06,32.68,49633122.0
2016-03-19,INTC,32.16,32.69,32.06,32.68,49633122.0
2016-03-20,INTC,32.16,32.69,32.06,32.68,49633122.0
2016-03-21,INTC,32.23,32.42,31.95,32.34,21642305.0
2016-03-22,INTC,32.16,32.46,31.95,32.32,22150713.0
2016-03-23,INTC,32.47,32.47,31.98,32.0,18460868.0
2016-03-24,INTC,31.87,31.95,31.7,31.88,14126136.0
2016-03-25,INTC,31.87,31.95,31.7,31.88,14126136.0
2016-03-26,INTC,31.87,31.95,31.7,31.88,14126136.0
2016-03-27,INTC,31.87,31.95,31.7,31.88,14126136.0
2016-03-28,INTC,31.87,32.0,31.62,31.9,11419161.0
2016-03-29,INTC,31.93,32.44,31.73,32.38,15178580.0
2016-03-30,INTC,32.45,32.75,32.29,32.71,16364754.0
2016-03-31,INTC,32.53,32.66,32.32,32.35,17650840.0
2016-04-01,INTC,32.27,32.47,32.1,32.45,18011252.0
2016-04-02,INTC,32.27,32.47,32.1,32.45,18011252.0
2016-04-03,INTC,32.27,32.47,32.1,32.45,18011252.0
2016-04-04,INTC,32.2,32.38,31.74,32.0,21456091.0
2016-04-05,INTC,31.89,32.12,31.72,31.9,20014550.0
2016-04-06,INTC,31.97,32.23,31.77,32.08,15501070.0
2016-04-07,INTC,31.89,31.9,31.35,31.55,23199618.0
2016-04-08,INTC,31.76,32.02,31.48,31.63,16360940.0
2016-04-09,INTC,31.76,32.02,31.48,31.63,16360940.0
2016-04-10,INTC,31.76,32.02,31.48,31.63,16360940.0
2016-04-11,INTC,31.9,32.34,31.66,31.67,19624130.0
2016-04-12,INTC,31.88,31.94,31.38,31.86,16647819.0
2016-04-13,INTC,31.97,32.18,31.95,32.13,19842763.0
2016-04-14,INTC,31.78,31.88,31.55,31.8,21541569.0
2016-04-15,INTC,31.79,31.88,31.38,31.46,28593002.0
2016-04-16,INTC,31.79,31.88,31.38,31.46,28593002.0
2016-04-17,INTC,31.79,31.88,31.38,31.46,28593002.0
2016-04-18,INTC,31.43,31.72,31.38,31.65,21516622.0
2016-04-19,INTC,31.7,31.81,31.4,31.6,31820262.0
2016-04-20,INTC,31.32,32.26,31.25,32.0,57414543.0
2016-04-21,INTC,31.94,32.06,31.81,31.97,28165950.0
2016-04-22,INTC,31.74,31.86,31.22,31.64,29387068.0
2016-04-23,INTC,31.74,31.86,31.22,31.64,29387068.0
2016-04-24,INTC,31.74,31.86,31.22,31.64,29387068.0
2016-04-25,INTC,31.36,31.5,31.2,31.39,19202357.0
2016-04-26,INTC,31.39,31.7,31.17,31.4,20885522.0
2016-04-27,INTC,31.25,31.8,31.19,31.75,19872334.0
2016-04-28,INTC,31.45,31.71,31.03,31.11,25045383.0
2016-04-29,INTC,30.86,30.87,30.1,30.28,36303255.0
2016-04-30,INTC,30.86,30.87,30.1,30.28,36303255.0
2016-05-01,INTC,30.86,30.87,30.1,30.28,36303255.0
2016-05-02,INTC,30.45,30.69,30.36,30.61,20960902.0
2016-05-03,INTC,30.41,30.56,30.09,30.36,26923067.0
2016-05-04,INTC,30.17,30.21,29.7,29.85,23185269.0
2016-05-05,INTC,29.87,30.02,29.75,29.9,23342111.0
2016-05-06,INTC,29.61,30.11,29.52,30.04,19594173.0
2016-05-07,INTC,29.61,30.11,29.52,30.04,19594173.0
2016-05-08,INTC,29.61,30.11,29.52,30.04,19594173.0
2016-05-09,INTC,30.08,30.17,29.76,29.8,16813826.0
2016-05-10,INTC,30.0,30.18,29.82,30.14,16963133.0
2016-05-11,INTC,30.16,30.24,29.97,30.06,15662544.0
2016-05-12,INTC,30.11,30.24,29.57,29.76,20760182.0
2016-05-13,INTC,29.86,30.2,29.84,29.91,19857610.0
2016-05-14,INTC,29.86,30.2,29.84,29.91,19857610.0
2016-05-15,INTC,29.86,30.2,29.84,29.91,19857610.0
2016-05-16,INTC,29.9,30.56,29.88,30.39,21739000.0
2016-05-17,INTC,30.57,30.57,29.86,29.98,25550242.0
2016-05-18,INTC,30.03,30.25,29.78,29.99,22415030.0
2016-05-19,INTC,29.77,29.93,29.5,29.63,21659139.0
2016-05-20,INTC,29.73,30.38,29.7,30.15,22727379.0
2016-05-21,INTC,29.73,30.38,29.7,30.15,22727379.0
2016-05-22,INTC,29.73,30.38,29.7,30.15,22727379.0
2016-05-23,INTC,30.23,30.48,30.13,30.23,20809308.0
2016-05-24,INTC,30.5,31.12,30.45,31.06,23494723.0
2016-05-25,INTC,31.2,31.57,31.15,31.39,18359642.0
2016-05-26,INTC,31.49,31.63,31.4,31.49,12657998.0
2016-05-27,INTC,31.6,31.65,31.45,31.57,13301534.0
2016-05-28,INTC,31.6,31.65,31.45,31.57,13301534.0
2016-05-29,INTC,31.6,31.65,31.45,31.57,13301534.0
2016-05-30,INTC,31.6,31.65,31.45,31.57,13301534.0
2016-05-31,INTC,31.51,31.65,31.31,31.59,23040218.0
2016-06-01,INTC,31.62,31.72,31.47,31.66,17753532.0
2016-06-02,INTC,31.56,31.76,31.45,31.76,14140127.0
2016-06-03,INTC,31.74,31.74,31.4,31.62,15777539.0
2016-06-04,INTC,31.74,31.74,31.4,31.62,15777539.0
2016-06-05,INTC,31.74,31.74,31.4,31.62,15777539.0
2016-06-06,INTC,31.64,31.82,31.58,31.68,15139603.0
2016-06-07,INTC,31.75,32.02,31.7,31.88,19339090.0
2016-06-08,INTC,31.8,32.0,31.79,31.89,12732088.0
2016-06-09,INTC,31.68,32.0,31.68,31.94,11276764.0
2016-06-10,INTC,31.7,32.24,31.65,32.04,35749113.0
2016-06-11,INTC,31.7,32.24,31.65,32.04,35749113.0
2016-06-12,INTC,31.7,32.24,31.65,32.04,35749113.0
2016-06-13,INTC,32.05,32.5,32.04,32.17,23004832.0
2016-06-14,INTC,32.01,32.24,31.79,32.14,18754277.0
2016-06-15,INTC,32.25,32.26,31.59,31.61,23783272.0
2016-06-16,INTC,31.44,31.77,31.22,31.69,18547853.0
2016-06-17,INTC,31.73,31.81,31.47,31.76,27047860.0
2016-06-18,INTC,31.73,31.81,31.47,31.76,27047860.0
2016-06-19,INTC,31.73,31.81,31.47,31.76,27047860.0
2016-06-20,INTC,32.07,32.44,32.01,32.17,21961579.0
2016-06-21,INTC,32.26,32.38,32.09,32.32,15476450.0
2016-06-22,INTC,32.3,32.63,32.25,32.29,18304758.0
2016-06-23,INTC,32.58,33.0,32.5,32.99,22048784.0
2016-06-24,INTC,31.8,32.32,31.4,31.55,38094301.0
2016-06-25,INTC,31.8,32.32,31.4,31.55,38094301.0
2016-06-26,INTC,31.8,32.32,31.4,31.55,38094301.0
2016-06-27,INTC,31.41,31.41,30.44,30.72,35454030.0
2016-06-28,INTC,30.97,31.2,30.81,31.19,23693871.0
2016-06-29,INTC,31.35,31.98,31.31,31.93,22771058.0
2016-06-30,INTC,32.0,32.88,31.97,32.8,34528919.0
2016-07-01,INTC,32.64,32.88,32.47,32.75,17084570.0
2016-07-02,INTC,32.64,32.88,32.47,32.75,17084570.0
2016-07-03,INTC,32.64,32.88,32.47,32.75,17084570.0
2016-07-04,INTC,32.64,32.88,32.47,32.75,17084570.0
2016-07-05,INTC,32.5,32.73,32.46,32.68,20107191.0
2016-07-06,INTC,32.8,33.0,32.38,32.97,21070217.0
2016-07-07,INTC,32.96,33.55,32.96,33.2,26119445.0
2016-07-08,INTC,33.65,34.0,33.5,34.0,23341870.0
2016-07-09,INTC,33.65,34.0,33.5,34.0,23341870.0
2016-07-10,INTC,33.65,34.0,33.5,34.0,23341870.0
2016-07-11,INTC,34.04,34.5,34.04,34.38,23820667.0
2016-07-12,INTC,34.51,34.97,34.48,34.94,28064113.0
2016-07-13,INTC,35.04,35.25,34.88,35.01,29120904.0
2016-07-14,INTC,35.13,35.3,34.96,35.2,25296374.0
2016-07-15,INTC,35.26,35.29,34.9,35.07,23661856.0
2016-07-16,INTC,35.26,35.29,34.9,35.07,23661856.0
2016-07-17,INTC,35.26,35.29,34.9,35.07,23661856.0
2016-07-18,INTC,35.18,35.2,34.95,35.05,19347177.0
2016-07-19,INTC,34.89,35.16,34.85,35.15,20395424.0
2016-07-20,INTC,35.3,35.93,35.06,35.69,42994187.0
2016-07-21,INTC,34.33,34.49,33.86,34.27,63708597.0
2016-07-22,INTC,34.38,34.7,34.26,34.66,33033653.0
2016-07-23,INTC,34.38,34.7,34.26,34.66,33033653.0
2016-07-24,INTC,34.38,34.7,34.26,34.66,33033653.0
2016-07-25,INTC,34.62,34.76,34.57,34.69,20277701.0
2016-07-26,INTC,34.75,35.23,34.7,35.09,29644428.0
2016-07-27,INTC,35.0,35.28,34.63,34.83,23601763.0
2016-07-28,INTC,34.83,34.83,34.52,34.77,21667377.0
2016-07-29,INTC,34.77,34.92,34.6,34.86,18171236.0
2016-07-30,INTC,34.77,34.92,34.6,34.86,18171236.0
2016-07-31,INTC,34.77,34.92,34.6,34.86,18171236.0
2016-08-01,INTC,34.82,34.91,34.56,34.85,18824409.0
2016-08-02,INTC,34.81,34.87,34.32,34.56,20057327.0
2016-08-03,INTC,34.1,34.28,33.99,34.25,18388764.0
2016-08-04,INTC,34.29,34.62,34.22,34.58,16362642.0
2016-08-05,INTC,34.8,35.13,34.7,34.98,20046211.0
2016-08-06,INTC,34.8,35.13,34.7,34.98,20046211.0
2016-08-07,INTC,34.8,35.13,34.7,34.98,20046211.0
2016-08-08,INTC,34.9,35.17,34.86,35.04,19497332.0
2016-08-09,INTC,35.04,35.16,34.84,34.92,12578884.0
2016-08-10,INTC,35.0,35.0,34.5,34.53,19579027.0
2016-08-11,INTC,34.66,34.74,34.49,34.68,16364120.0
2016-08-12,INTC,34.52,34.76,34.44,34.57,15708316.0
2016-08-13,INTC,34.52,34.76,34.44,34.57,15708316.0
2016-08-14,INTC,34.52,34.76,34.44,34.57,15708316.0
2016-08-15,INTC,34.7,35.16,34.63,34.91,18931063.0
2016-08-16,INTC,34.77,35.21,34.77,35.21,16320929.0
2016-08-17,INTC,35.17,35.21,34.77,35.02,18221644.0
2016-08-18,INTC,34.96,35.09,34.75,34.97,16085181.0
2016-08-19,INTC,34.84,35.27,34.74,35.24,16417640.0
2016-08-20,INTC,34.84,35.27,34.74,35.24,16417640.0
2016-08-21,INTC,34.84,35.27,34.74,35.24,16417640.0
2016-08-22,INTC,35.2,35.45,35.12,35.36,14941430.0
2016-08-23,INTC,35.5,35.69,35.3,35.4,18316042.0
2016-08-24,INTC,35.32,35.41,35.02,35.15,16343525.0
2016-08-25,INTC,35.05,35.22,34.9,35.09,12427980.0
2016-08-26,INTC,35.11,35.58,35.05,35.26,14469924.0
2016-08-27,INTC,35.11,35.58,35.05,35.26,14469924.0
2016-08-28,INTC,35.11,35.58,35.05,35.26,14469924.0
2016-08-29,INTC,35.48,35.67,35.15,35.55,15264300.0
2016-08-30,INTC,35.59,35.74,35.52,35.7,15183208.0
2016-08-31,INTC,35.62,35.9,35.58,35.89,20562722.0
2016-09-01,INTC,35.99,36.04,35.58,36.02,18925769.0
2016-09-02,INTC,36.21,36.33,35.95,36.08,16726718.0
2016-09-03,INTC,36.21,36.33,35.95,36.08,16726718.0
2016-09-04,INTC,36.21,36.33,35.95,36.08,16726718.0
2016-09-05,INTC,36.21,36.33,35.95,36.08,16726718.0
2016-09-06,INTC,36.38,36.6,36.17,36.57,22337790.0
2016-09-07,INTC,36.65,36.65,36.38,36.46,18495645.0
2016-09-08,INTC,36.35,36.59,36.12,36.44,20356511.0
2016-09-09,INTC,36.1,36.39,35.44,35.44,29457900.0
2016-09-10,INTC,36.1,36.39,35.44,35.44,29457900.0
2016-09-11,INTC,36.1,36.39,35.44,35.44,29457900.0
2016-09-12,INTC,35.19,36.12,35.06,36.08,22796599.0
2016-09-13,INTC,35.75,35.88,35.32,35.61,23591345.0
2016-09-14,INTC,35.51,35.82,35.4,35.62,14127224.0
2016-09-15,INTC,35.74,36.65,35.54,36.56,24585103.0
2016-09-16,INTC,37.72,38.05,37.25,37.67,74577899.0
2016-09-17,INTC,37.72,38.05,37.25,37.67,74577899.0
2016-09-18,INTC,37.72,38.05,37.25,37.67,74577899.0
2016-09-19,INTC,37.69,38.02,37.09,37.16,30531708.0
2016-09-20,INTC,37.42,37.43,36.94,37.14,24796900.0
2016-09-21,INTC,37.21,37.46,36.86,37.45,21233698.0
2016-09-22,INTC,37.6,37.83,37.44,37.55,17013410.0
2016-09-23,INTC,37.45,37.65,37.12,37.19,18062474.0
2016-09-24,INTC,37.45,37.65,37.12,37.19,18062474.0
2016-09-25,INTC,37.45,37.65,37.12,37.19,18062474.0
2016-09-26,INTC,36.92,36.94,36.6,36.65,25518796.0
2016-09-27,INTC,36.9,37.22,36.63,37.18,22391576.0
2016-09-28,INTC,37.31,37.5,37.15,37.44,19020799.0
2016-09-29,INTC,37.49,37.53,37.0,37.32,17674969.0
2016-09-30,INTC,37.47,37.92,37.44,37.75,24279306.0
2016-10-01,INTC,37.47,37.92,37.44,37.75,24279306.0
2016-10-02,INTC,37.47,37.92,37.44,37.75,24279306.0
2016-10-03,INTC,37.69,37.95,37.53,37.66,14113578.0
2016-10-04,INTC,37.77,37.94,37.33,37.54,14393109.0
2016-10-05,INTC,37.75,38.31,37.64,37.99,22420804.0
2016-10-06,INTC,37.84,38.16,37.58,38.07,15171434.0
2016-10-07,INTC,38.08,38.22,37.78,38.1,16942539.0
2016-10-08,INTC,38.08,38.22,37.78,38.1,16942539.0
2016-10-09,INTC,38.08,38.22,37.78,38.1,16942539.0
2016-10-10,INTC,38.25,38.36,37.9,38.02,14954297.0
2016-10-11,INTC,37.91,38.0,36.82,37.27,27650460.0
2016-10-12,INTC,37.2,37.25,36.81,37.13,14053888.0
2016-10-13,INTC,36.85,37.13,36.46,36.97,16936015.0
2016-10-14,INTC,37.19,37.7,37.16,37.45,19123944.0
2016-10-15,INTC,37.19,37.7,37.16,37.45,19123944.0
2016-10-16,INTC,37.19,37.7,37.16,37.45,19123944.0
2016-10-17,INTC,37.55,37.72,37.24,37.29,15788142.0
2016-10-18,INTC,37.97,38.05,37.53,37.75,42907753.0
2016-10-19,INTC,36.07,36.09,35.23,35.51,75229016.0
2016-10-20,INTC,35.41,35.67,35.1,35.43,25669479.0
2016-10-21,INTC,35.21,35.4,34.81,35.15,20813248.0
2016-10-22,INTC,35.21,35.4,34.81,35.15,20813248.0
2016-10-23,INTC,35.21,35.4,34.81,35.15,20813248.0
2016-10-24,INTC,35.43,35.49,35.11,35.26,21524741.0
2016-10-25,INTC,35.14,35.25,35.01,35.1,17860312.0
2016-10-26,INTC,35.04,35.2,34.74,34.92,19977604.0
2016-10-27,INTC,35.1,35.23,34.75,34.81,14634685.0
2016-10-28,INTC,34.87,35.17,34.71,34.74,22296428.0
2016-10-29,INTC,34.87,35.17,34.71,34.74,22296428.0
2016-10-30,INTC,34.87,35.17,34.71,34.74,22296428.0
2016-10-31,INTC,34.92,35.08,34.84,34.87,19188602.0
2016-11-01,INTC,34.9,35.16,34.27,34.52,25368222.0
2016-11-02,INTC,34.6,34.9,34.47,34.6,21416408.0
2016-11-03,INTC,34.45,34.52,33.87,33.93,19400032.0
2016-11-04,INTC,33.53,33.93,33.42,33.61,21914746.0
2016-11-05,INTC,33.53,33.93,33.42,33.61,21914746.0
2016-11-06,INTC,33.53,33.93,33.42,33.61,21914746.0
2016-11-07,INTC,34.24,34.75,34.15,34.69,19296598.0
2016-11-08,INTC,34.6,34.95,34.49,34.74,14833126.0
2016-11-09,INTC,34.13,34.85,33.67,34.75,25999427.0
2016-11-10,INTC,34.95,34.95,34.02,34.5,28250229.0
2016-11-11,INTC,34.57,34.87,34.34,34.61,22665026.0
2016-11-12,INTC,34.57,34.87,34.34,34.61,22665026.0
2016-11-13,INTC,34.57,34.87,34.34,34.61,22665026.0
2016-11-14,INTC,34.56,34.73,34.2,34.48,22558941.0
2016-11-15,INTC,34.64,35.29,34.61,34.91,20676112.0
2016-11-16,INTC,34.9,34.92,34.54,34.84,18565450.0
2016-11-17,INTC,34.81,35.02,34.63,35.02,15748521.0
2016-11-18,INTC,34.9,35.0,34.64,34.95,16806853.0
2016-11-19,INTC,34.9,35.0,34.64,34.95,16806853.0
2016-11-20,INTC,34.9,35.0,34.64,34.95,16806853.0
2016-11-21,INTC,35.1,35.2,34.84,34.98,14259526.0
2016-11-22,INTC,35.18,35.5,35.11,35.48,22327447.0
2016-11-23,INTC,35.48,35.52,35.1,35.2,15843618.0
2016-11-24,INTC,35.48,35.52,35.1,35.2,15843618.0
2016-11-25,INTC,35.11,35.45,35.11,35.44,6372836.0
2016-11-26,INTC,35.11,35.45,35.11,35.44,6372836.0
2016-11-27,INTC,35.11,35.45,35.11,35.44,6372836.0
2016-11-28,INTC,35.43,35.66,35.21,35.51,13549048.0
2016-11-29,INTC,35.64,35.64,35.27,35.31,19581040.0
2016-11-30,INTC,35.2,35.3,34.7,34.7,27016070.0
2016-12-01,INTC,34.86,34.93,33.56,33.76,29618687.0
2016-12-02,INTC,33.72,34.26,33.6,34.16,21492534.0
2016-12-03,INTC,33.72,34.26,33.6,34.16,21492534.0
2016-12-04,INTC,33.72,34.26,33.6,34.16,21492534.0
2016-12-05,INTC,34.31,34.42,33.96,34.39,14461972.0
2016-12-06,INTC,34.39,34.75,34.3,34.72,15297703.0
2016-12-07,INTC,34.67,35.57,34.45,35.5,21710273.0
2016-12-08,INTC,35.48,36.03,35.22,35.7,19966537.0
2016-12-09,INTC,35.75,35.9,35.59,35.76,16326925.0
2016-12-10,INTC,35.75,35.9,35.59,35.76,16326925.0
2016-12-11,INTC,35.75,35.9,35.59,35.76,16326925.0
2016-12-12,INTC,35.78,36.09,35.67,35.97,21985830.0
2016-12-13,INTC,36.01,36.89,35.93,36.8,35773592.0
2016-12-14,INTC,36.7,36.89,36.46,36.55,30819365.0
2016-12-15,INTC,36.74,37.16,36.53,36.79,23721538.0
2016-12-16,INTC,36.72,36.87,36.08,36.31,38212824.0
2016-12-17,INTC,36.72,36.87,36.08,36.31,38212824.0
2016-12-18,INTC,36.72,36.87,36.08,36.31,38212824.0
2016-12-19,INTC,36.34,36.95,36.27,36.89,18744306.0
2016-12-20,INTC,36.95,37.24,36.89,37.21,18551844.0
2016-12-21,INTC,37.25,37.34,36.91,36.98,14323574.0
2016-12-22,INTC,37.23,37.24,36.81,36.93,10793879.0
2016-12-23,INTC,36.93,36.98,36.77,36.97,6287281.0
2016-12-24,INTC,36.93,36.98,36.77,36.97,6287281.0
2016-12-25,INTC,36.93,36.98,36.77,36.97,6287281.0
2016-12-26,INTC,36.93,36.98,36.77,36.97,6287281.0
2016-12-27,INTC,36.91,37.33,36.91,37.07,9033706.0
2016-12-28,INTC,37.1,37.2,36.58,36.63,12868584.0
2016-12-29,INTC,36.51,36.72,36.43,36.66,8447998.0
2016-12-30,INTC,36.79,36.8,36.2,36.27,17467984.0
2016-12-31,INTC,36.79,36.8,36.2,36.27,17467984.0
2017-01-01,INTC,36.79,36.8,36.2,36.27,17467984.0
2017-01-02,INTC,36.79,36.8,36.2,36.27,17467984.0
2017-01-03,INTC,36.61,36.93,36.27,36.6,20196466.0
2017-01-04,INTC,36.71,36.77,36.34,36.41,15915729.0
2017-01-05,INTC,36.45,36.72,36.3,36.35,13986002.0
2017-01-06,INTC,36.59,36.68,36.19,36.48,15113998.0
2017-01-07,INTC,36.59,36.68,36.19,36.48,15113998.0
2017-01-08,INTC,36.59,36.68,36.19,36.48,15113998.0
2017-01-09,INTC,36.48,36.88,36.48,36.61,19461422.0
2017-01-10,INTC,36.55,36.93,36.53,36.54,15918766.0
2017-01-11,INTC,36.51,37.0,36.51,36.95,22398426.0
2017-01-12,INTC,36.83,36.83,36.32,36.71,20391946.0
2017-01-13,INTC,36.71,36.86,36.62,36.79,15072235.0
2017-01-14,INTC,36.71,36.86,36.62,36.79,15072235.0
2017-01-15,INTC,36.71,36.86,36.62,36.79,15072235.0
2017-01-16,INTC,36.71,36.86,36.62,36.79,15072235.0
2017-01-17,INTC,36.67,36.83,36.59,36.8,20195202.0
2017-01-18,INTC,36.89,37.01,36.61,36.76,15382452.0
2017-01-19,INTC,36.51,36.91,36.51,36.57,13654522.0
2017-01-20,INTC,36.76,37.03,36.58,36.94,23950936.0
2017-01-21,INTC,36.76,37.03,36.58,36.94,23950936.0
2017-01-22,INTC,36.76,37.03,36.58,36.94,23950936.0
2017-01-23,INTC,37.07,37.21,36.55,36.77,27752565.0
2017-01-24,INTC,36.84,37.74,36.81,37.62,35140871.0
2017-01-25,INTC,37.87,38.0,37.52,37.8,32357313.0
2017-01-26,INTC,37.82,37.92,37.42,37.56,34144843.0
2017-01-27,INTC,38.0,38.45,37.81,37.98,44368566.0
2017-01-28,INTC,38.0,38.45,37.81,37.98,44368566.0
2017-01-29,INTC,38.0,38.45,37.81,37.98,44368566.0
2017-01-30,INTC,37.74,37.84,37.33,37.42,23954716.0
2017-01-31,INTC,37.22,37.37,36.64,36.82,27059084.0
2017-02-01,INTC,36.82,36.95,36.02,36.52,28380640.0
2017-02-02,INTC,36.26,36.7,36.2,36.68,31916939.0
2017-02-03,INTC,36.69,36.82,36.45,36.52,21038146.0
2017-02-04,INTC,36.69,36.82,36.45,36.52,21038146.0
2017-02-05,INTC,36.69,36.82,36.45,36.52,21038146.0
2017-02-06,INTC,36.51,36.51,36.15,36.27,21426961.0
2017-02-07,INTC,36.45,36.52,36.24,36.35,18581866.0
2017-02-08,INTC,36.34,36.65,36.14,36.38,20807358.0
2017-02-09,INTC,36.5,36.5,35.4,35.46,47802687.0
2017-02-10,INTC,35.26,35.43,34.84,35.34,44106523.0
2017-02-11,INTC,35.26,35.43,34.84,35.34,44106523.0
2017-02-12,INTC,35.26,35.43,34.84,35.34,44106523.0
2017-02-13,INTC,35.57,35.85,35.34,35.8,28180550.0
2017-02-14,INTC,35.84,35.96,35.53,35.93,25734801.0
2017-02-15,INTC,35.98,36.06,35.67,36.05,18452197.0
2017-02-16,INTC,36.18,36.56,36.1,36.41,21317455.0
2017-02-17,INTC,36.32,36.48,36.1,36.48,18909888.0
2017-02-18,INTC,36.32,36.48,36.1,36.48,18909888.0
2017-02-19,INTC,36.32,36.48,36.1,36.48,18909888.0
2017-02-20,INTC,36.32,36.48,36.1,36.48,18909888.0
2017-02-21,INTC,36.53,36.65,36.33,36.52,20556017.0
2017-02-22,INTC,36.34,36.4,35.79,36.07,29904370.0
2017-02-23,INTC,36.24,36.3,35.9,36.18,22774979.0
2017-02-24,INTC,36.14,36.53,35.95,36.53,18617592.0
2017-02-25,INTC,36.14,36.53,35.95,36.53,18617592.0
2017-02-26,INTC,36.14,36.53,35.95,36.53,18617592.0
2017-02-27,INTC,36.42,36.68,36.27,36.51,14065236.0
2017-02-28,INTC,36.42,36.46,36.0,36.2,24977011.0
2017-03-01,INTC,35.85,36.1,35.44,35.93,34085869.0
2017-03-02,INTC,35.93,36.02,35.65,35.91,23602100.0
2017-03-03,INTC,35.94,36.08,35.67,35.9,17540896.0
2017-03-04,INTC,35.94,36.08,35.67,35.9,17540896.0
2017-03-05,INTC,35.94,36.08,35.67,35.9,17540896.0
2017-03-06,INTC,35.79,35.8,35.42,35.57,24416732.0
2017-03-07,INTC,35.54,35.8,35.38,35.8,23434893.0
2017-03-08,INTC,35.67,35.9,35.52,35.62,20920148.0
2017-03-09,INTC,35.6,35.94,35.5,35.82,23616786.0
2017-03-10,INTC,36.12,36.3,35.78,35.91,25402348.0
2017-03-11,INTC,36.12,36.3,35.78,35.91,25402348.0
2017-03-12,INTC,36.12,36.3,35.78,35.91,25402348.0
2017-03-13,INTC,35.85,36.04,34.94,35.16,53582931.0
2017-03-14,INTC,35.06,35.23,34.66,35.18,28586871.0
2017-03-15,INTC,34.94,35.17,34.68,35.1,27996095.0
2017-03-16,INTC,35.17,35.36,35.07,35.14,19616053.0
2017-03-17,INTC,35.31,35.33,35.1,35.27,30778867.0
2017-03-18,INTC,35.31,35.33,35.1,35.27,30778867.0
2017-03-19,INTC,35.31,35.33,35.1,35.27,30778867.0
2017-03-20,INTC,35.37,35.63,35.26,35.43,17322274.0
2017-03-21,INTC,35.59,35.6,35.0,35.04,22814547.0
2017-03-22,INTC,35.22,35.46,35.0,35.37,19144498.0
2017-03-23,INTC,35.49,35.49,35.02,35.27,20640352.0
2017-03-24,INTC,35.65,35.73,35.12,35.16,22187960.0
2017-03-25,INTC,35.65,35.73,35.12,35.16,22187960.0
2017-03-26,INTC,35.65,35.73,35.12,35.16,22187960.0
2017-03-27,INTC,35.07,35.5,34.94,35.39,16992235.0
2017-03-28,INTC,35.34,35.71,35.21,35.6,18398148.0
2017-03-29,INTC,35.52,35.7,35.44,35.57,17202642.0
2017-03-30,INTC,35.58,35.89,35.52,35.75,16432950.0
2017-03-31,INTC,35.75,36.25,35.74,36.07,21438385.0
2017-04-01,INTC,35.75,36.25,35.74,36.07,21438385.0
2017-04-02,INTC,35.75,36.25,35.74,36.07,21438385.0
2017-04-03,INTC,36.19,36.74,36.12,36.16,32013641.0
2017-04-04,INTC,36.12,36.38,35.99,36.28,18918045.0
2017-04-05,INTC,36.43,36.76,36.17,36.22,22455525.0
2017-04-06,INTC,36.13,36.28,36.03,36.03,20198223.0
2017-04-07,INTC,36.07,36.32,35.98,36.03,15689513.0
2017-04-08,INTC,36.07,36.32,35.98,36.03,15689513.0
2017-04-09,INTC,36.07,36.32,35.98,36.03,15689513.0
2017-04-10,INTC,36.02,36.09,35.61,35.8,19973723.0
2017-04-11,INTC,35.77,35.79,35.21,35.74,22711830.0
2017-04-12,INTC,35.87,36.01,35.5,35.63,19289787.0
2017-04-13,INTC,35.55,35.76,35.25,35.25,15763996.0
2017-04-14,INTC,35.55,35.76,35.25,35.25,15763996.0
2017-04-15,INTC,35.55,35.76,35.25,35.25,15763996.0
2017-04-16,INTC,35.55,35.76,35.25,35.25,15763996.0
2017-04-17,INTC,35.44,35.59,35.33,35.48,12560746.0
2017-04-18,INTC,35.43,35.81,35.3,35.76,12321050.0
2017-04-19,INTC,35.97,36.22,35.89,35.91,16594635.0
2017-04-20,INTC,36.18,36.27,35.86,36.18,22968262.0
2017-04-21,INTC,36.2,36.42,35.85,36.32,20390513.0
2017-04-22,INTC,36.2,36.42,35.85,36.32,20390513.0
2017-04-23,INTC,36.2,36.42,35.85,36.32,20390513.0
2017-04-24,INTC,36.67,36.85,36.46,36.75,26305762.0
2017-04-25,INTC,36.77,37.0,36.66,36.87,22066776.0
2017-04-26,INTC,36.78,37.23,36.78,36.93,27240993.0
2017-04-27,INTC,36.87,37.5,36.78,37.43,39889967.0
2017-04-28,INTC,36.1,36.48,35.88,36.15,56769258.0
2017-04-29,INTC,36.1,36.48,35.88,36.15,56769258.0
2017-04-30,INTC,36.1,36.48,35.88,36.15,56769258.0
2017-05-01,INTC,36.11,36.4,35.94,36.31,24825614.0
2017-05-02,INTC,36.37,37.03,36.35,36.97,35813021.0
2017-05-03,INTC,36.72,37.17,36.62,36.98,22040256.0
2017-05-04,INTC,36.99,37.11,36.64,36.85,16437088.0
2017-05-05,INTC,36.86,36.93,36.5,36.82,18119243.0
2017-05-06,INTC,36.86,36.93,36.5,36.82,18119243.0
2017-05-07,INTC,36.86,36.93,36.5,36.82,18119243.0
2017-05-08,INTC,36.73,36.85,36.48,36.54,17660214.0
2017-05-09,INTC,36.48,36.75,36.28,36.37,17819144.0
2017-05-10,INTC,36.27,36.38,35.93,36.01,25133822.0
2017-05-11,INTC,35.91,36.0,35.45,35.69,21508923.0
2017-05-12,INTC,35.72,35.74,35.4,35.53,19730842.0
2017-05-13,INTC,35.72,35.74,35.4,35.53,19730842.0
2017-05-14,INTC,35.72,35.74,35.4,35.53,19730842.0
2017-05-15,INTC,35.54,35.72,35.42,35.63,22120137.0
2017-05-16,INTC,35.75,35.89,35.42,35.82,22291843.0
2017-05-17,INTC,35.67,35.99,35.02,35.04,26670188.0
2017-05-18,INTC,35.19,35.47,35.08,35.22,17171872.0
2017-05-19,INTC,35.15,35.55,35.13,35.4,18340127.0
2017-05-20,INTC,35.15,35.55,35.13,35.4,18340127.0
2017-05-21,INTC,35.15,35.55,35.13,35.4,18340127.0
2017-05-22,INTC,35.48,36.11,35.38,35.77,14638066.0
2017-05-23,INTC,35.87,35.99,35.56,35.86,16903704.0
2017-05-24,INTC,35.98,36.18,35.89,36.12,20860257.0
2017-05-25,INTC,36.12,36.39,36.06,36.26,13148542.0
2017-05-26,INTC,36.26,36.33,36.13,36.26,11145523.0
2017-05-27,INTC,36.26,36.33,36.13,36.26,11145523.0
2017-05-28,INTC,36.26,36.33,36.13,36.26,11145523.0
2017-05-29,INTC,36.26,36.33,36.13,36.26,11145523.0
2017-05-30,INTC,36.27,36.44,36.09,36.18,13026915.0
2017-05-31,INTC,36.31,36.38,35.87,36.11,17741896.0
2017-06-01,INTC,36.12,36.13,35.8,36.12,17510915.0
2017-06-02,INTC,36.27,36.33,36.0,36.32,19127420.0
2017-06-03,INTC,36.27,36.33,36.0,36.32,19127420.0
2017-06-04,INTC,36.27,36.33,36.0,36.32,19127420.0
2017-06-05,INTC,36.3,36.5,36.2,36.34,11685699.0
2017-06-06,INTC,36.16,36.45,35.98,36.13,18420926.0
2017-06-07,INTC,36.13,36.57,36.1,36.26,17191983.0
2017-06-08,INTC,36.34,36.53,36.16,36.48,17154167.0
2017-06-09,INTC,36.5,36.56,35.31,35.71,33322053.0
2017-06-10,INTC,36.5,36.56,35.31,35.71,33322053.0
2017-06-11,INTC,36.5,36.56,35.31,35.71,33322053.0
2017-06-12,INTC,35.59,36.01,35.41,35.73,28488290.0
2017-06-13,INTC,35.68,35.95,35.53,35.88,20588247.0
2017-06-14,INTC,35.99,36.05,35.22,35.53,19149017.0
2017-06-15,INTC,35.21,35.48,35.14,35.31,20410009.0
2017-06-16,INTC,35.28,35.33,35.01,35.21,30762781.0
2017-06-17,INTC,35.28,35.33,35.01,35.21,30762781.0
2017-06-18,INTC,35.28,35.33,35.01,35.21,30762781.0
2017-06-19,INTC,35.61,35.61,35.32,35.51,21583752.0
2017-06-20,INTC,35.45,35.45,34.84,34.86,21536505.0
2017-06-21,INTC,34.33,34.6,34.09,34.58,27138493.0
2017-06-22,INTC,34.56,34.63,34.29,34.36,24602910.0
2017-06-23,INTC,34.21,34.55,34.1,34.19,29260888.0
2017-06-24,INTC,34.21,34.55,34.1,34.19,29260888.0
2017-06-25,INTC,34.21,34.55,34.1,34.19,29260888.0
2017-06-26,INTC,34.26,34.51,34.03,34.07,18854766.0
2017-06-27,INTC,34.0,34.14,33.65,33.65,27078918.0
2017-06-28,INTC,33.77,34.24,33.74,34.2,25940057.0
2017-06-29,INTC,33.92,34.1,33.34,33.54,25215664.0
2017-06-30,INTC,33.87,33.93,33.54,33.74,24432020.0
2017-07-01,INTC,33.87,33.93,33.54,33.74,24432020.0
2017-07-02,INTC,33.87,33.93,33.54,33.74,24432020.0
2017-07-03,INTC,33.51,34.03,33.43,33.46,12676894.0
2017-07-04,INTC,33.51,34.03,33.43,33.46,12676894.0
2017-07-05,INTC,33.52,34.43,33.48,34.34,30010803.0
2017-07-06,INTC,34.12,34.29,33.56,33.63,20733189.0
2017-07-07,INTC,33.7,34.12,33.7,33.88,18304460.0
2017-07-08,INTC,33.7,34.12,33.7,33.88,18304460.0
2017-07-09,INTC,33.7,34.12,33.7,33.88,18304460.0
2017-07-10,INTC,33.25,33.74,33.23,33.65,29918436.0
2017-07-11,INTC,33.64,33.93,33.43,33.92,25737540.0
2017-07-12,INTC,34.28,34.39,33.94,34.25,23768337.0
2017-07-13,INTC,34.33,34.4,34.12,34.24,15046199.0
2017-07-14,INTC,34.48,34.71,34.26,34.68,16316353.0
2017-07-15,INTC,34.48,34.71,34.26,34.68,16316353.0
2017-07-16,INTC,34.48,34.71,34.26,34.68,16316353.0
2017-07-17,INTC,34.74,34.74,34.36,34.47,21044407.0
2017-07-18,INTC,34.43,34.58,34.25,34.53,14362830.0
2017-07-19,INTC,34.68,34.68,34.46,34.56,17036197.0
2017-07-20,INTC,34.54,34.84,34.48,34.75,17506216.0
2017-07-21,INTC,34.54,34.82,34.4,34.73,22245041.0
2017-07-22,INTC,34.54,34.82,34.4,34.73,22245041.0
2017-07-23,INTC,34.54,34.82,34.4,34.73,22245041.0
2017-07-24,INTC,34.73,34.8,34.38,34.5,16146284.0
2017-07-25,INTC,34.55,34.74,34.4,34.67,18096682.0
2017-07-26,INTC,34.7,34.97,34.59,34.75,15499322.0
2017-07-27,INTC,34.78,35.25,34.67,34.97,43062842.0
2017-07-28,INTC,35.13,35.86,35.0,35.31,36291484.0
2017-07-29,INTC,35.13,35.86,35.0,35.31,36291484.0
2017-07-30,INTC,35.13,35.86,35.0,35.31,36291484.0
2017-07-31,INTC,35.47,35.74,35.32,35.47,27056989.0
2017-08-01,INTC,35.66,36.43,35.57,36.35,38710244.0
2017-08-02,INTC,36.33,36.67,36.06,36.64,35004283.0
2017-08-03,INTC,36.55,36.59,36.15,36.49,26611347.0
2017-08-04,INTC,36.45,36.56,36.1,36.3,20520301.0
2017-08-05,INTC,36.45,36.56,36.1,36.3,20520301.0
2017-08-06,INTC,36.45,36.56,36.1,36.3,20520301.0
2017-08-07,INTC,36.39,36.55,36.22,36.43,18169335.0
2017-08-08,INTC,36.37,36.7,36.3,36.41,22819871.0
2017-08-09,INTC,36.28,36.66,36.02,36.59,22796797.0
2017-08-10,INTC,36.4,36.56,36.11,36.14,22693316.0
2017-08-11,INTC,36.26,36.4,35.79,35.87,19275060.0
