dt,open,high,low,close,volume,sentiment_score
2022-03-03,48.18,48.55,47.6236,47.93,36389883.0,0.107207
2022-03-04,47.37,48.265,47.37,48.07,38324991.0,0.027223999999999998
2022-03-07,48.005,48.54,47.6,47.68,43813747.0,0.03735442857142857
2022-03-08,47.69,48.72,46.89,47.5,44813947.0,0.03416593333333333
2022-03-09,48.41,48.46,46.885,47.63,36076458.0,-0.07234071428571429
2022-03-10,47.29,47.31,46.155,46.66,36455953.0,-0.19807275
2022-03-11,47.15,47.275,45.765,45.83,27082085.0,-0.12223657142857143
2022-03-14,45.9,45.98,44.3,44.4,35993898.0,-0.033489
2022-03-15,44.5,44.9,44.07,44.81,34448890.0,0.0035861818181818143
2022-03-16,45.3,46.63,45.27,46.63,38885498.0,-0.023395125000000003
2022-03-17,46.32,47.2873,45.73,47.14,28554988.0,-0.05357527272727272
2022-03-18,46.82,47.6,46.35,47.45,45188578.0,0.15880899999999998
2022-03-21,47.46,47.89,47.065,47.39,32568644.0,-0.05941118181818183
2022-03-22,47.5,48.47,47.4,48.39,27802360.0,0.120058
2022-03-23,48.46,49.58,48.0601,48.27,37126378.0,0.06264216666666667
2022-03-24,48.66,51.65,48.59,51.62,51677908.0,0.029765764705882353
2022-03-25,50.69,51.9783,50.45,51.83,33212939.0,0.010713272727272728
2022-03-28,51.36,51.57,50.56,51.51,22932366.0,0.04735625
2022-03-29,52.0,52.29,51.275,52.25,27303707.0,0.05031966666666667
2022-03-30,52.25,52.51,51.22,51.43,24623262.0,0.044615416666666664
2022-03-31,51.2,51.26,49.51,49.56,43698250.0,0.008242600000000006
2022-04-04,48.17,49.23,47.915,49.2,23811324.0,0.020486285714285717
2022-04-05,48.83,48.98,48.02,48.13,25627985.0,0.06382754545454546
2022-04-06,47.44,48.17,47.24,47.54,31518748.0,-0.24437888888888887
2022-04-07,47.425,47.91,46.77,47.56,24116972.0,0.036931375
2022-04-08,47.28,47.58,46.845,47.02,22167256.0,-0.0620155
2022-04-11,46.9,47.295,46.53,46.57,30352478.0,-0.006234538461538464
2022-04-12,47.32,47.91,46.41,46.5,29861379.0,-0.05199842857142857
2022-04-13,46.75,47.2687,46.55,47.01,22171270.0,0.07720325
2022-04-14,46.745,46.75,45.62,45.67,36181843.0,0.050123428571428576
2022-04-18,45.53,46.89,45.52,46.64,25593058.0,-0.08097623076923077
2022-04-19,46.6,48.0,46.34,47.93,31483102.0,-0.056641399999999995
2022-04-20,48.36,48.75,47.975,48.11,22740139.0,0.025521625000000003
2022-04-21,48.62,48.9,47.4,47.5,27316886.0,0.046417
2022-04-22,47.45,47.65,46.5,46.54,28219860.0,-0.018932818181818176
2022-04-25,46.21,47.14,46.18,47.06,35999251.0,-0.0034561666666666677
2022-04-26,46.69,46.84,45.51,45.52,35160215.0,-0.0019979999999999998
2022-04-27,45.48,46.06,45.01,45.22,28320904.0,0.0499779
2022-04-28,45.785,47.27,45.5408,46.84,41097044.0,0.0032674999999999983
2022-04-29,44.99,45.36,43.5,43.59,70765887.0,-0.22841236
2022-05-02,43.72,44.99,43.51,44.96,45446472.0,-0.08274346666666667
2022-05-03,44.79,45.49,44.23,45.06,40158387.0,-0.12071775
2022-05-04,45.06,46.64,44.41,46.54,44463333.0,0.114262
2022-05-05,45.6,45.91,44.13,44.6,52996677.0,0.008316999999999995
2022-05-06,44.49,45.15,43.84,44.3,40916578.0,0.29427539999999996
2022-05-09,43.81,44.2,42.87,43.07,44925770.0,0.09172033333333333
2022-05-10,44.35,44.735,43.5,44.01,42770024.0,0.012283666666666667
2022-05-11,44.02,44.29,42.78,42.83,40351666.0,0.0230196
2022-05-12,42.73,42.905,42.01,42.84,42329642.0,0.0108185
2022-05-13,43.42,43.84,42.97,43.6,32034142.0,0.11699199999999998
2022-05-16,43.42,43.6099,42.785,43.08,25071905.0,-0.008093800000000002
2022-05-17,43.82,44.42,43.65,44.4,28596629.0,0.04520288888888889
2022-05-18,43.98,43.98,42.22,42.35,35218393.0,-0.005873999999999997
2022-05-19,42.32,42.7,41.72,42.01,29181007.0,-0.007743166666666668
2022-05-20,42.245,42.29,40.31,41.65,44802286.0,0.041099
2022-05-23,41.69,42.25,41.325,42.0,27199487.0,0.030280099999999997
2022-05-24,41.698,41.89,41.1,41.67,29837489.0,0.04544975
2022-05-25,41.44,42.515,41.39,42.2,26283081.0,0.06148
2022-05-26,42.17,43.68,42.08,43.48,28826682.0,0.0733535
2022-05-27,43.59,44.55,43.55,44.55,30553321.0,0.0673205
2022-05-31,44.25,44.75,43.645,44.42,41111478.0,0.06995166666666668
2022-06-01,44.77,44.93,43.525,44.11,29885543.0,0.0014550000000000001
2022-06-02,44.19,44.88,43.94,44.84,28727637.0,0.011587000000000004
2022-06-03,44.105,44.2458,43.34,43.39,33174656.0,-0.13635999999999998
2022-06-06,43.81,44.04,43.08,43.34,25437061.0,0.022682
2022-06-07,43.06,43.59,42.66,43.53,25168689.0,0.05397359999999999
2022-06-08,42.25,42.26,41.03,41.23,59649874.0,-0.2884312307692308
2022-06-09,41.01,41.35,40.01,40.01,39047182.0,-0.11921572222222222
2022-06-10,39.85,40.08,39.18,39.18,43084434.0,-0.0028324000000000066
2022-06-13,38.55,38.81,37.67,37.77,50335922.0,-0.01452814285714286
2022-06-14,38.01,38.2,37.54,37.93,31351683.0,-0.07985366666666667
2022-06-15,38.56,39.17,37.92,38.65,37652256.0,-0.09105766666666665
2022-06-16,37.695,37.79,36.93,37.34,45576545.0,-0.1380983333333333
2022-06-17,37.48,38.12,36.6,36.97,71393194.0,-0.20456125
2022-06-21,37.36,38.025,37.325,37.73,34004880.0,0.06303025
2022-06-22,37.33,37.77,37.22,37.38,32591524.0,-0.030404
2022-06-23,37.61,37.62,36.91,37.41,30162971.0,0.03881028571428572
2022-06-24,37.845,38.64,37.74,38.61,38159913.0,-0.09168480000000001
2022-06-27,38.87,39.06,38.4701,38.63,29585325.0,0.04869933333333334
2022-06-28,38.58,39.02,37.74,37.78,37842731.0,-0.213763125
2022-06-29,37.54,37.595,37.02,37.29,25437197.0,-0.04229436363636363
2022-06-30,37.21,38.0,36.725,37.41,35141045.0,-0.25460725
2022-07-05,35.93,36.74,35.54,36.69,33225868.0,0.04123125
2022-07-06,36.82,37.425,36.46,36.99,26258324.0,-0.18193985714285713
2022-07-07,37.89,38.33,37.73,38.14,33165410.0,0.063403
2022-07-08,37.66,38.14,37.3901,37.99,22566348.0,-0.09463833333333334
2022-07-11,37.66,37.675,37.03,37.2,25946879.0,0.0855936
2022-07-12,37.65,37.7,36.99,37.21,30546281.0,0.310858
2022-07-13,36.68,37.4299,36.62,37.21,27059156.0,0.018088749999999997
2022-07-14,36.99,38.155,36.29,37.71,36690674.0,0.055341428571428576
2022-07-15,38.27,38.67,37.73,38.62,32892293.0,-0.035917
2022-07-18,39.1,39.34,38.525,38.71,30814369.0,0.14477099999999998
2022-07-19,39.32,40.73,39.24,40.22,53095319.0,0.16841050000000002
2022-07-20,40.21,40.67,39.56,40.56,36387873.0,0.116421
2022-07-21,40.51,40.645,39.82,40.61,29661198.0,0.06604744444444445
2022-07-22,40.37,40.51,38.94,39.2,41349965.0,0.060649833333333326
2022-07-25,39.285,39.41,38.55,39.16,32263404.0,0.008981545454545452
2022-07-26,39.1,39.565,38.88,38.96,35925485.0,0.09478707692307692
2022-07-27,39.27,40.425,39.23,40.18,42571580.0,0.04741485714285714
2022-07-28,40.09,40.12,39.04,39.71,56662303.0,0.059254631578947364
2022-07-29,35.605,36.62,35.24,36.31,125292383.0,-0.051516793103448276
2022-08-01,36.05,37.69,36.05,36.96,52513446.0,0.027679266666666667
2022-08-02,36.59,36.66,36.0,36.01,53929371.0,0.06301999999999999
2022-08-03,36.09,36.59,35.26,36.52,59513858.0,0.0824914
2022-08-04,36.012,36.1,35.36,35.66,54046258.0,0.07287945454545454
2022-08-05,35.345,35.69,35.18,35.39,40205089.0,0.08534071428571428
2022-08-08,35.36,35.96,35.2,35.38,41601566.0,-0.006748153846153846
2022-08-09,35.22,35.3,34.4,34.52,48202280.0,0.035903875
2022-08-10,34.99,35.4,34.59,35.37,42243304.0,0.016259125000000003
2022-08-11,35.64,36.29,35.485,35.59,35569724.0,-0.0007494000000000014
2022-08-12,35.8,36.14,35.67,36.11,37675228.0,0.1951438
2022-08-16,36.16,36.575,35.7,36.19,25000240.0,0.0710815
2022-08-17,35.81,36.075,35.27,35.78,29176062.0,0.12470366666666666
2022-08-18,35.68,36.33,35.57,36.2,24598225.0,0.08587342857142856
2022-08-19,35.8,36.025,35.19,35.38,31425530.0,0.079773
2022-08-22,35.0,35.06,33.73,33.84,51006127.0,-0.15656175
2022-08-23,33.98,34.39,33.91,33.95,30687098.0,0.034675
2022-08-24,33.97,33.99,33.6,33.86,25105652.0,0.11219225
2022-08-25,33.87,34.93,33.82,34.89,29799148.0,0.02048985714285714
2022-08-26,34.95,35.025,33.35,33.36,44851477.0,0.008328000000000002
2022-08-29,33.225,33.41,32.81,32.94,32389759.0,0.08403233333333332
2022-08-30,33.04,33.07,32.15,32.26,40182452.0,0.15232514285714285
2022-08-31,32.385,32.385,31.77,31.92,44074488.0,0.0285026
2022-09-01,31.572,31.825,31.13,31.76,36440681.0,0.00576488235294118
2022-09-02,32.21,32.375,31.06,31.22,34893283.0,0.11432325
2022-09-06,31.39,31.39,30.33,30.36,46797307.0,0.093176
2022-09-07,30.42,30.785,30.05,30.65,37329544.0,0.2486852
2022-09-08,30.37,30.8469,29.91,30.75,37359472.0,0.07185925000000001
2022-09-09,31.19,31.5,31.075,31.46,34081212.0,0.12565379999999998
2022-09-12,31.735,31.86,31.1,31.56,38305494.0,0.078184
2022-09-13,30.83,30.93,29.25,29.29,71417851.0,0.008964249999999993
2022-09-14,29.55,29.765,29.01,29.18,40767169.0,0.10012558333333332
2022-09-15,29.15,29.41,28.71,28.84,39919105.0,0.22899285714285716
2022-09-16,28.7,29.32,28.42,29.24,72747992.0,0.095455
2022-09-19,29.02,29.5,28.9,29.44,33151882.0,0.0026071428571428565
2022-09-20,29.065,29.165,28.71,28.96,31129028.0,0.13269614285714285
2022-09-21,29.15,29.59,28.46,28.47,39977313.0,-0.02772375
2022-09-22,28.4,28.5,28.04,28.07,35531772.0,0.1338435
2022-09-23,27.9,27.9,27.19,27.52,43491060.0,0.283096
2022-09-26,27.56,27.6995,26.86,26.97,44786413.0,0.204127625
2022-09-27,27.4,27.595,26.62,26.89,44121431.0,0.13670033333333334
2022-09-28,26.86,27.28,26.6,27.13,40433354.0,0.17490188888888888
2022-09-29,26.78,26.78,26.185,26.38,41831294.0,0.09268425000000001
2022-10-03,26.33,27.25,26.065,26.97,44096180.0,0.10083525
2022-10-04,27.425,27.795,27.09,27.7,42427480.0,0.20186763636363636
2022-10-05,27.365,27.84,26.89,27.64,30119962.0,0.099702875
2022-10-06,27.44,27.76,27.0,27.18,33985131.0,-0.02498
2022-10-07,26.17,26.275,25.651,25.72,57215513.0,-0.03020308695652174
2022-10-10,25.94,25.99,25.09,25.2,43409338.0,0.0668512
2022-10-11,25.01,25.48,24.69,25.04,48134930.0,0.04469781818181818
2022-10-12,25.05,25.52,24.66,25.33,39634056.0,-0.005701151515151517
2022-10-13,24.725,26.835,24.59,26.42,62447044.0,0.07419178571428572
2022-10-14,26.46,26.63,25.76,25.91,48185367.0,0.025247333333333333
2022-10-17,26.31,26.75,26.1713,26.42,39416474.0,-0.006203400000000003
2022-10-18,26.74,26.955,25.54,25.87,51126851.0,0.13349118181818184
2022-10-19,25.735,26.25,25.69,26.0,33882274.0,0.07227977777777778
2022-10-20,26.15,26.95,25.945,26.08,33247689.0,0.117234
2022-10-21,25.85,27.05,25.79,26.97,53058711.0,-0.01482918181818182
2022-10-24,26.75,27.48,26.52,27.18,43831588.0,0.014967333333333332
2022-10-25,27.18,27.555,27.0,27.41,32205300.0,0.017906000000000005
2022-10-26,27.19,27.8,26.99,27.21,37153931.0,0.12994095454545454
2022-10-27,27.45,27.59,26.13,26.27,56305125.0,0.090347
2022-10-28,28.175,29.2186,27.86,29.07,91695696.0,0.16860110714285712
2022-10-31,29.08,29.18,28.05,28.43,59507744.0,-0.0004889999999999999
2022-11-01,28.8,28.85,27.89,28.3,44418730.0,0.021799
2022-11-02,28.27,28.85,27.41,27.42,51956099.0,0.149953
2022-11-03,27.45,27.88,27.17,27.39,39678189.0,0.14143514285714284
2022-11-04,27.57,28.235,27.41,28.2,43051927.0,0.039570999999999995
2022-11-07,28.36,28.465,27.89,28.41,34389783.0,0.08378625
2022-11-08,28.755,28.95,27.93,28.48,36257963.0,0.02279566666666667
2022-11-09,28.22,28.3,27.52,27.52,30544782.0,-0.03126716666666667
2022-11-10,28.88,29.83,28.645,29.76,62943924.0,0.103865125
2022-11-11,28.925,30.63,28.87,30.43,49826517.0,0.08362068181818182
2022-11-14,30.34,30.99,30.18,30.35,39395339.0,0.19200840000000002
2022-11-15,31.095,31.335,30.165,30.71,40933223.0,0.1306375714285714
2022-11-16,30.1101,30.23,29.44,29.53,35582751.0,-0.038289444444444445
2022-11-17,29.065,29.95,29.0,29.89,31992738.0,0.06247622222222222
2022-11-18,30.26,30.26,29.61,29.87,27122210.0,0.21755033333333337
2022-11-21,29.66,29.715,28.91,28.94,36086768.0,-0.01658842857142857
2022-11-22,29.135,29.86,29.0558,29.82,25584062.0,0.17076785714285717
2022-11-23,29.73,30.08,29.49,29.67,23143868.0,0.093982
2022-11-28,29.1,29.19,28.54,28.725,28282116.0,0.1093092
2022-11-29,28.85,29.18,28.74,28.9,24361493.0,-0.108895
2022-11-30,28.77,30.08,28.22,30.07,72072532.0,0.11137733333333333
2022-12-01,30.24,30.48,29.52,29.83,38896309.0,0.1414518
2022-12-02,29.17,29.43,28.71,29.41,31545955.0,0.06429633333333333
2022-12-05,29.42,29.75,28.89,29.17,34040384.0,0.15091933333333332
2022-12-06,29.19,29.31,28.3436,28.6,27701186.0,0.049725454545454545
2022-12-07,28.28,28.55,28.15,28.33,28239933.0,0.073228
2022-12-08,28.32,28.6,28.065,28.44,28486091.0,0.1413625
2022-12-09,28.39,28.78,28.19,28.24,25641349.0,0.1112538
2022-12-12,28.13,28.71,27.8588,28.69,35117866.0,0.140353
2022-12-13,29.79,30.09,28.37,28.73,58546839.0,0.0903494
2022-12-14,28.51,29.12,28.01,28.26,37141077.0,0.061217600000000004
2022-12-15,27.94,28.0,27.12,27.15,45682654.0,0.1152985
2022-12-16,27.0,27.135,26.4522,26.92,81104229.0,0.0782375
2022-12-19,26.9,26.97,26.5,26.79,37662461.0,0.06815800000000001
2022-12-20,26.535,26.87,26.4201,26.44,31863274.0,0.08065516666666667
2022-12-21,26.59,26.97,26.58,26.83,28100906.0,0.1784645
2022-12-22,26.45,26.452,25.35,25.97,47478307.0,0.1700502222222222
2022-12-23,25.92,26.19,25.6835,26.09,23600916.0,0.04408566666666667
2022-12-27,25.845,26.1,25.65,25.94,29548058.0,0.05803462499999999
2022-12-28,25.84,26.115,25.5,25.54,26176917.0,0.11723119999999998
2022-12-29,25.77,26.29,25.75,26.21,30944829.0,0.2771164
2023-01-03,27.045,27.07,26.37,26.73,31307955.0,0.009384571428571428
2023-01-04,27.41,27.92,27.16,27.68,37665199.0,0.19391812500000002
2023-01-05,27.435,27.779,27.38,27.56,33552552.0,-0.09558419999999998
2023-01-06,27.93,28.83,27.38,28.73,31788634.0,0.1398776
2023-01-09,28.84,29.865,28.84,29.31,37493157.0,0.11072216666666668
2023-01-10,29.235,29.51,28.915,29.44,23008080.0,0.163124625
2023-01-11,29.68,29.88,29.0,29.85,30375377.0,0.13027625
2023-01-12,29.98,30.38,29.47,30.29,28963879.0,0.25529766666666664
2023-01-13,29.97,30.17,29.81,30.11,31361937.0,0.061762000000000004
2023-01-17,30.18,30.2557,29.52,29.6,34759080.0,0.09363033333333333
2023-01-18,29.8,29.82,28.63,28.81,44199580.0,0.088544
2023-01-19,28.61,28.755,28.24,28.42,36886615.0,0.07487049999999999
2023-01-20,28.42,29.23,28.25,29.22,35158497.0,0.13570376470588233
2023-01-23,29.325,30.49,29.18,30.27,38795838.0,0.03280118518518519
2023-01-24,29.94,30.19,29.73,29.92,24855130.0,0.0968842
2023-01-25,29.52,29.885,29.17,29.7,28268023.0,0.008266833333333333
2023-01-26,30.06,30.11,29.33,30.09,56088080.0,0.09501185
2023-01-27,27.07,28.24,26.78,28.16,148548189.0,-0.08023868181818182
2023-01-30,27.715,28.51,27.67,27.95,55145771.0,0.05969485714285715
2023-01-31,27.78,28.29,27.53,28.26,52621578.0,-0.03677610526315789
2023-02-01,27.89,29.43,27.68,29.07,63330567.0,0.04668586206896551
2023-02-02,29.25,30.3,28.795,30.19,62230659.0,-0.01522947058823529
2023-02-03,29.62,31.17,29.53,30.32,57603100.0,-0.014846166666666665
2023-02-06,29.55,29.65,28.61,28.69,48726359.0,-0.059926400000000005
2023-02-07,28.65,29.27,28.43,29.05,50780776.0,0.0368282
2023-02-08,28.95,29.12,28.21,28.24,36479123.0,-0.022429454545454544
2023-02-09,28.68,28.82,27.565,27.73,43906378.0,-0.011762166666666657
2023-02-10,27.63,27.99,27.335,27.8,31232544.0,0.07041460000000001
2023-02-13,27.87,28.55,27.715,28.55,32347470.0,0.06232672727272728
2023-02-14,28.38,28.72,27.99,28.64,27928929.0,-0.007890625000000002
2023-02-15,28.36,28.88,28.16,28.85,23387676.0,0.054235200000000004
2023-02-16,28.5,28.825,28.13,28.2,28972476.0,0.042255375
2023-02-17,28.0,28.07,27.38,27.61,32086218.0,0.120979
2023-02-21,27.11,27.27,26.04,26.06,63668362.0,0.0666895
2023-02-22,25.91,26.9,25.3,25.47,89195317.0,-0.03598338461538461
2023-02-23,25.78,26.08,25.32,25.61,56473237.0,0.13741823076923076
2023-02-24,25.22,25.35,24.92,25.14,44089879.0,0.012002142857142854
2023-02-27,25.55,25.58,24.88,24.9,37656956.0,-0.08582450000000001
2023-02-28,24.94,25.12,24.73,24.93,50255301.0,0.04212233333333334
2023-03-01,25.03,25.92,24.97,25.33,47823397.0,0.05145833333333333
2023-03-02,25.211,26.3,25.12,26.2,48381068.0,0.19548922222222223
2023-03-03,26.2,26.475,26.01,26.4,36744858.0,0.09183916666666665
2023-03-06,26.47,26.54,25.93,25.99,37879835.0,-0.02893177777777778
2023-03-07,25.84,25.99,25.5,25.53,43164607.0,0.2043586
2023-03-08,25.56,26.01,25.45,25.98,36071934.0,0.038928750000000005
2023-03-09,25.98,26.9773,25.97,26.44,54886084.0,0.041892200000000004
2023-03-10,26.55,27.52,26.315,27.22,65187031.0,0.20897
2023-03-13,26.74,27.31,26.61,26.95,50976996.0,0.196046
2023-03-14,27.35,28.1,27.25,28.01,47689837.0,0.018949
2023-03-15,27.73,28.495,27.66,28.41,49322838.0,0.11379874999999999
2023-03-16,28.39,30.27,28.39,30.18,75804234.0,0.261332
2023-03-17,29.92,31.0,29.44,29.81,80628498.0,0.137424
2023-03-20,29.8,29.9,28.63,29.16,38780054.0,0.16646350000000001
2023-03-21,29.0,29.165,27.975,28.46,55650832.0,0.17196233333333333
2023-03-22,28.48,29.12,28.1,28.13,37415539.0,0.108644375
2023-03-23,28.38,29.16,28.22,29.03,43785479.0,0.17948683333333335
2023-03-24,29.04,29.81,28.925,29.36,55931606.0,0.0303785
2023-03-27,29.37,29.73,29.08,29.18,34758156.0,-0.021549875000000003
2023-03-28,29.075,29.33,28.63,29.29,37407874.0,-0.11521300000000001
2023-03-29,29.77,31.89,29.755,31.52,85556189.0,0.19600275
2023-03-30,31.85,32.58,31.81,32.09,70077598.0,0.2739153636363636
2023-04-03,32.94,33.56,32.54,32.89,57038344.0,0.051666199999999995
2023-04-04,32.85,33.84,32.84,33.1,55714058.0,0.14795533333333333
2023-04-05,32.795,32.99,32.335,32.83,39615735.0,-0.037877111111111125
2023-04-06,32.6,33.0,32.46,32.81,28551916.0,0.015064666666666662
2023-04-10,32.6,32.76,32.2,32.52,30534439.0,0.17800627272727274
2023-04-11,32.66,33.11,32.32,32.35,27059106.0,0.22331033333333336
2023-04-12,32.77,32.89,31.96,32.02,37070786.0,0.1622506
2023-04-13,31.82,32.43,31.65,32.13,29722344.0,0.07635133333333334
2023-04-14,32.0,32.235,31.69,31.89,24623633.0,0.10087366666666668
2023-04-17,31.95,32.64,31.77,32.14,29453969.0,0.10431100000000001
2023-04-18,32.43,32.46,31.78,31.83,26041380.0,0.2130934
2023-04-19,31.1,31.52,31.08,31.15,25746574.0,0.07897008333333333
2023-04-20,30.76,31.25,30.71,30.86,30255069.0,-0.013150214285714282
2023-04-21,30.84,30.84,30.225,30.3,28655762.0,0.1336557
2023-04-24,30.13,30.37,29.61,29.66,38732452.0,0.04165716666666667
2023-04-25,29.44,29.57,28.87,28.88,38289873.0,-0.068597
2023-04-26,29.2,29.81,28.835,29.05,40910133.0,0.016063333333333336
2023-04-27,28.75,29.945,28.51,29.86,60186244.0,0.08211725
2023-04-28,31.975,32.57,30.81,31.06,80252444.0,0.06440717391304349
2023-05-01,31.11,31.24,30.28,30.3,36918529.0,0.08765162500000001
2023-05-02,30.3,30.575,29.75,29.77,33463356.0,0.0885949090909091
2023-05-03,30.64,31.11,30.245,30.65,45554489.0,-0.023035444444444445
2023-05-04,30.435,31.72,30.38,31.24,46104019.0,0.17456939999999999
2023-05-05,31.38,31.41,30.73,30.99,35024562.0,0.003827
2023-05-08,30.7,30.84,30.39,30.77,30882801.0,0.059811
2023-05-09,30.38,30.58,29.91,30.1,30706515.0,0.0629985
2023-05-10,30.29,30.3959,29.49,29.97,40526521.0,0.2091322
2023-05-11,29.6,29.68,28.82,28.86,47144359.0,0.1945146
2023-05-12,29.025,29.1,28.72,28.95,24153820.0,0.084908
2023-05-15,28.9,29.825,28.88,29.8,28717475.0,0.17336685714285713
2023-05-16,29.62,29.9,29.21,29.22,22812040.0,-0.05529333333333333
2023-05-17,29.52,29.56,28.68,28.87,41667261.0,-0.07746233333333333
2023-05-18,29.0,29.76,28.87,29.68,36529193.0,0.0282884
2023-05-19,29.6,30.24,29.5,29.93,40682998.0,0.1161538
2023-05-22,29.85,30.45,29.815,30.28,28693438.0,0.0007789999999999976
2023-05-23,30.05,30.195,29.49,29.51,29400851.0,0.038539750000000005
2023-05-24,29.31,29.49,28.82,29.0,28045840.0,0.13295766666666667
2023-05-25,28.29,28.29,26.855,27.4,78009435.0,-0.018987181818181816
2023-05-26,27.44,29.09,27.1,29.0,71910621.0,0.044829999999999995
2023-05-30,29.7,30.0399,28.995,29.99,54874794.0,0.05713066666666666
2023-05-31,29.7,32.29,29.67,31.44,135945667.0,0.14903166666666667
2023-06-01,31.8,31.94,31.02,31.13,52667368.0,0.032996
2023-06-02,31.398,31.5899,30.825,31.31,36520957.0,0.1302436
2023-06-05,31.31,31.4,29.83,29.86,48244128.0,0.12333625000000001
2023-06-06,29.77,31.45,29.695,30.96,42295293.0,0.14126841176470586
2023-06-07,31.03,31.37,30.93,31.28,39097992.0,0.1025222857142857
2023-06-08,31.43,31.85,31.06,31.82,35198952.0,0.114827
2023-06-09,31.93,31.99,30.68,31.34,40227073.0,0.027301199999999998
2023-06-12,31.4,33.3,31.36,33.07,59926114.0,0.010411000000000004
2023-06-13,33.77,33.95,33.07,33.91,51990041.0,0.07862408333333333
2023-06-14,33.87,35.6,33.8,35.58,74404291.0,0.16171790909090908
2023-06-15,35.28,36.42,35.215,35.82,67676296.0,0.10175628571428572
2023-06-16,36.36,36.795,35.595,36.37,110240279.0,0.20282314285714284
2023-06-20,36.77,37.11,34.715,35.0,65970238.0,0.1210535
2023-06-21,34.915,35.05,32.83,32.9,70973521.0,0.1124415
2023-06-22,32.69,33.24,32.125,32.71,45740308.0,0.2189879285714286
2023-06-23,32.21,33.45,32.03,33.0,46327140.0,0.024867444444444445
2023-06-26,33.19,33.99,33.095,33.34,38952369.0,-0.01761655555555555
2023-06-27,33.22,34.23,33.01,34.1,33038923.0,0.042808
2023-06-28,33.61,33.81,33.035,33.57,33906877.0,0.07448557142857144
2023-06-29,33.34,33.34,32.49,32.91,38312970.0,-0.003912000000000001
2023-07-03,33.54,33.89,33.14,33.62,15752979.0,0.0536765
2023-07-05,33.31,33.33,32.5,32.51,37664722.0,0.0854905
2023-07-06,31.9,32.04,31.38,31.97,41711442.0,0.07493014285714286
2023-07-07,32.0,32.41,31.82,31.85,28356250.0,0.11673366666666667
2023-07-10,31.87,32.83,31.77,32.74,36305658.0,0.15902275
2023-07-11,32.82,33.36,32.5,33.3,28148832.0,0.11052916666666666
2023-07-12,33.69,34.08,33.06,33.98,37762215.0,0.12425314285714285
2023-07-13,34.15,34.3,33.62,33.87,32745752.0,0.19988872727272727
2023-07-14,33.78,33.87,33.0,33.15,30438659.0,0.04295109090909091
2023-07-17,33.16,34.6,33.07,34.37,34111173.0,0.12283753333333333
2023-07-18,34.28,34.7,33.83,34.5,29679514.0,0.1324166
2023-07-19,34.4,34.835,34.33,34.46,26486676.0,0.15491660000000002
2023-07-20,33.704,34.205,33.23,33.37,37877996.0,0.06892527272727272
2023-07-21,33.725,34.25,33.42,34.02,79736956.0,0.04573858333333333
2023-07-24,33.84,34.46,33.56,33.63,25283783.0,0.013280444444444444
2023-07-25,33.7,34.34,33.4,34.1,31771091.0,0.1929308
2023-07-26,33.72,34.525,33.7,34.36,32643239.0,0.12492694117647059
2023-07-27,34.82,35.03,34.11,34.55,58890821.0,0.1782776
2023-07-28,36.75,36.99,35.51,36.83,90863013.0,0.18187058536585365
2023-07-31,36.87,37.19,35.675,35.77,55630700.0,0.17553578571428569
2023-08-01,35.82,36.02,35.28,35.8,24743393.0,0.1501303
2023-08-02,35.15,35.18,34.281,34.39,39051971.0,0.19110799999999997
2023-08-03,34.29,35.03,34.13,34.87,24864381.0,0.19597685714285712
2023-08-04,34.48,35.56,34.48,35.14,26674897.0,0.1803392
2023-08-07,35.41,35.55,34.75,35.23,22486870.0,0.16340866666666667
2023-08-08,34.67,35.1,33.86,35.02,34753598.0,0.09280000000000001
2023-08-09,35.0,35.0999,34.23,34.28,28720157.0,0.13221925
2023-08-10,34.7,35.09,34.48,34.68,30957295.0,0.1011975
2023-08-11,34.46,34.945,34.36,34.89,28783730.0,0.0815015
2023-08-14,34.67,35.71,34.47,35.68,36896056.0,0.09874957142857142
2023-08-15,35.41,35.625,34.75,34.77,27420309.0,0.07056799999999999
2023-08-16,34.52,34.63,33.46,33.53,35757254.0,0.07857335
2023-08-17,33.56,33.59,32.35,32.58,39906739.0,0.03746909090909091
2023-08-18,32.23,32.91,32.18,32.75,23701056.0,0.04069730769230769
2023-08-21,32.6,33.17,32.02,33.14,43718249.0,0.039371333333333335
2023-08-22,33.22,33.8,32.83,32.89,23434190.0,0.11208083333333334
2023-08-23,32.88,34.15,32.8,33.98,32324309.0,0.050077
2023-08-24,33.72,34.09,32.49,32.59,37930960.0,0.11828564285714285
2023-08-25,32.53,33.395,32.35,33.25,27324810.0,0.464376
2023-08-28,33.5,33.78,33.21,33.62,22341778.0,0.19902266666666665
2023-08-29,33.49,34.48,33.47,34.31,29943629.0,0.0912440909090909
2023-08-30,34.06,34.66,33.775,34.53,26279156.0,0.1718681111111111
2023-08-31,34.32,35.56,34.3,35.14,48157583.0,0.288027
2023-09-01,35.79,36.75,35.73,36.61,43808478.0,0.283877
2023-09-05,36.58,37.41,36.46,36.71,43379356.0,0.18298375
2023-09-06,36.56,37.04,36.03,36.98,39643390.0,0.35858957142857145
2023-09-07,36.83,38.34,36.7502,38.18,67659683.0,0.2640308571428572
2023-09-08,38.12,38.83,37.7125,38.01,44265054.0,0.09409533333333334
2023-09-11,38.24,38.74,37.84,38.59,36349291.0,0.1596962142857143
2023-09-12,38.65,40.0681,38.65,38.86,55326564.0,0.12344536363636363
2023-09-13,38.8,39.1499,38.25,38.71,35407780.0,0.07271077777777778
2023-09-14,38.81,38.9,38.295,38.67,30616490.0,0.157663
2023-09-15,38.42,38.52,37.62,37.88,68881240.0,0.0668463
2023-09-18,37.62,38.39,37.51,37.99,29322150.0,0.11131550000000001
2023-09-19,38.04,38.1,36.02,36.34,53288070.0,0.2155854
2023-09-20,36.22,36.25,34.63,34.69,57660829.0,0.18608585
2023-09-21,34.57,35.25,34.46,34.65,45240625.0,0.073700875
2023-09-22,34.81,34.885,34.14,34.18,29241605.0,0.06217625
2023-09-25,34.0,34.37,33.765,34.29,21729418.0,0.113979375
2023-09-26,34.14,34.78,33.64,33.83,34198291.0,0.1798912
2023-09-27,33.92,34.825,33.88,34.61,44369070.0,0.246338
2023-09-28,34.65,35.6564,34.38,35.18,32265276.0,0.09732185714285714
2023-10-02,35.61,35.975,34.98,35.46,26086163.0,0.2233987142857143
2023-10-03,35.265,36.54,35.265,35.69,45292632.0,0.18774
2023-10-04,36.52,36.52,35.325,35.93,39842200.0,0.26961764285714285
2023-10-05,35.97,36.1,35.6,35.89,25771233.0,0.067223
2023-10-06,35.87,36.46,35.18,36.19,33262158.0,-0.08091233333333332
2023-10-09,35.7,36.17,35.5,36.06,19376144.0,0.10638375
2023-10-10,36.14,36.74,35.805,36.43,24044104.0,0.0941492
2023-10-11,36.62,37.03,36.38,36.88,19262602.0,0.09774000000000001
2023-10-12,36.8,37.22,36.39,36.84,23639229.0,0.1696235
2023-10-13,36.74,36.79,35.86,35.97,28408435.0,0.14515075
2023-10-16,36.14,36.94,36.08,36.56,29555783.0,0.13169422222222224
2023-10-17,35.92,36.35,35.07,36.06,24993561.0,0.08527086666666667
2023-10-18,35.5242,36.02,35.45,35.64,22085950.0,0.051718200000000006
2023-10-19,35.96,36.36,35.52,35.67,29201848.0,0.044539272727272726
2023-10-20,35.65,36.28,34.87,34.92,32303325.0,0.048367266666666665
2023-10-23,34.6,35.19,33.39,33.85,53924661.0,0.10779969230769232
2023-10-24,33.64,34.71,33.64,34.59,52673857.0,0.157309
2023-10-25,34.18,34.45,32.55,32.83,44658462.0,0.1287085
2023-10-26,32.89,33.22,32.145,32.52,59142509.0,0.09347928571428572
2023-10-27,34.66,36.38,34.6,35.54,84128212.0,0.20481914285714287
2023-10-30,35.465,35.96,34.92,35.69,36656267.0,0.15189876923076923
2023-10-31,35.66,36.57,35.62,36.5,41185207.0,0.13223358823529413
2023-11-01,36.5,37.315,36.28,37.29,41710705.0,0.17891585714285713
2023-11-02,37.58,37.82,36.91,37.7,35439964.0,0.09415733333333333
2023-11-03,38.0,38.32,37.665,38.14,30502744.0,0.1326892
2023-11-06,38.02,38.2,37.855,37.95,23877203.0,0.193124
2023-11-07,38.24,38.9,37.98,38.77,32052041.0,0.1503907
2023-11-08,38.85,38.89,37.7492,37.92,33483360.0,0.14577833333333334
2023-11-09,38.05,38.515,37.77,37.8,48955771.0,0.1087855
2023-11-10,38.24,38.99,38.24,38.86,38871279.0,0.1185522
2023-11-13,38.35,38.565,38.14,38.23,24558261.0,0.1880687
2023-11-14,38.8,39.49,38.07,39.41,45457362.0,0.12125085714285715
2023-11-15,39.585,40.84,39.58,40.61,47392143.0,0.30319219999999997
2023-11-16,41.0,43.395,40.82,43.35,86405694.0,0.2464175
2023-11-17,42.91,43.81,42.56,43.81,49749721.0,0.09364320000000001
2023-11-20,43.78,44.93,43.78,44.74,44596396.0,0.3267692857142857
2023-11-21,44.5,44.6612,43.3,43.64,37252056.0,0.11454990000000001
2023-11-22,44.03,44.63,43.54,43.67,31490545.0,0.11724358333333333
2023-11-24,43.68,44.0,43.61,43.96,13037105.0,0.10377079999999998
2023-11-27,43.65,44.545,43.65,44.08,33339937.0,0.1742562857142857
2023-11-28,43.69,44.3827,43.66,44.23,24548874.0,0.1678934
2023-11-29,44.6,45.34,44.6,44.94,38982026.0,0.2601968
2023-11-30,44.65,45.09,44.41,44.7,46262971.0,0.12886190909090908
2023-12-01,44.36,44.36,42.86,43.74,43928371.0,0.120526
2023-12-04,43.3,43.31,41.685,42.35,50417587.0,0.17555591666666667
2023-12-05,41.91,42.29,41.61,41.92,31859318.0,0.13683672727272728
2023-12-06,42.48,42.59,41.17,41.27,31904121.0,0.07652244444444445
2023-12-07,41.75,42.435,41.1801,42.15,29118697.0,0.15758566666666665
2023-12-08,41.84,42.955,41.81,42.7,42814959.0,0.18178666666666668
2023-12-11,43.16,44.73,43.08,44.54,48288156.0,0.17818842857142858
2023-12-12,44.36,44.44,43.63,44.04,31452163.0,0.17931554545454545
2023-12-13,44.08,44.72,43.33,44.57,35216050.0,0.15197283333333333
2023-12-14,45.01,47.07,44.65,45.18,70620765.0,0.20359293333333334
2023-12-15,45.94,47.27,45.67,46.16,84583405.0,0.2487162380952381
2023-12-18,46.15,46.23,45.4,45.69,27895652.0,0.1824503076923077
2023-12-19,45.6,46.68,45.51,46.66,34766463.0,0.1995277142857143
2023-12-20,46.64,46.95,45.7,45.76,38159137.0,0.2623596
2023-12-21,46.48,47.12,46.02,47.08,28320463.0,0.194256875
2023-12-22,47.25,48.1557,47.2,48.0,30095727.0,0.22939557142857142
2023-12-26,48.92,50.515,48.71,50.5,60287408.0,0.2725644761904762
2023-12-27,50.63,51.28,50.19,50.76,51859798.0,0.22524114285714286
2023-12-28,50.81,50.87,50.16,50.39,27705233.0,0.25502433333333335
2024-01-02,49.2,49.38,47.4527,47.8,45905728.0,0.1151117
2024-01-03,47.1,47.81,46.8,47.05,35858434.0,0.1572985
2024-01-04,45.715,47.16,45.24,46.87,47797812.0,0.16708669999999998
2024-01-05,47.03,47.83,46.635,46.89,34197720.0,0.169959375
2024-01-08,47.07,48.76,46.97,48.45,42135127.0,0.11770725
2024-01-09,48.01,48.56,47.795,48.05,30097005.0,0.15622566666666668
2024-01-10,48.24,48.3,46.94,47.47,31480186.0,0.21047149999999998
2024-01-11,47.44,47.84,46.73,47.64,31707881.0,0.1490174
2024-01-12,47.6,47.67,46.61,47.12,27587902.0,0.019146714285714288
2024-01-16,46.98,47.22,46.38,47.06,43720666.0,0.14269983333333333
2024-01-17,46.4151,46.4151,45.65,46.06,33488015.0,0.09274114285714286
2024-01-18,47.03,47.57,46.17,46.74,46681348.0,0.1307081111111111
2024-01-19,47.0,48.76,46.44,48.15,55979796.0,0.10412044444444445
2024-01-22,48.85,49.17,47.64,48.22,45639521.0,0.17186992857142855
2024-01-23,48.12,48.94,47.32,48.89,37224140.0,0.143861875
2024-01-24,49.17,49.77,48.265,49.09,48043674.0,0.11492200000000001
2024-01-25,50.0,50.3,48.97,49.55,84845086.0,0.12784390909090912
2024-01-26,44.18,45.41,43.35,43.65,127665287.0,0.06304915151515152
2024-01-29,43.71,43.99,42.81,43.84,51790863.0,0.0059488888888888924
2024-01-30,43.67,43.82,42.89,42.92,47958762.0,0.17535775
2024-01-31,42.57,43.785,42.36,43.08,51584247.0,0.23904053333333333
2024-02-01,43.15,43.57,42.485,43.36,38819855.0,0.21693600000000002
2024-02-02,43.0,43.14,41.6,42.6,53683500.0,0.11703725000000001
2024-02-05,42.62,43.15,42.425,42.77,28890264.0,0.0643066
2024-02-06,42.7,42.78,42.14,42.74,34068216.0,0.14292799999999997
2024-02-07,42.89,43.095,42.55,42.78,34269246.0,-0.258924
2024-02-08,42.72,42.97,42.33,42.5,33206470.0,0.008342
2024-02-09,42.55,43.52,42.395,43.31,51192958.0,0.1557848888888889
2024-02-12,43.39,45.04,43.32,44.03,51107349.0,0.150064
2024-02-13,43.0,43.63,42.76,43.16,36622233.0,0.145448
2024-02-14,43.82,44.29,43.39,44.19,36186233.0,0.15049275
2024-02-15,44.755,45.27,44.02,44.05,44024507.0,0.060328900000000005
2024-02-16,44.03,44.2199,43.12,43.51,29975301.0,0.2119795
2024-02-20,44.26,45.17,43.42,44.52,61514136.0,0.18780760000000002
2024-02-21,44.48,44.69,43.08,43.47,57714970.0,0.2808525
2024-02-22,44.68,44.68,42.53,42.98,62809318.0,0.18955133333333332
2024-02-23,43.125,43.51,42.66,42.99,33810714.0,-0.015917624999999998
2024-02-26,43.5,43.68,42.82,42.99,27035379.0,0.0636494
2024-02-27,43.25,43.265,42.51,42.73,25126372.0,0.023685499999999988
2024-02-28,42.44,42.45,41.91,41.99,26928470.0,0.218843
2024-02-29,42.37,43.15,42.3551,43.05,48875120.0,0.136414
2024-03-01,43.41,44.2698,43.13,43.82,41426072.0,0.07738228571428572
2024-03-04,44.27,46.61,43.85,45.61,59990811.0,0.138206
2024-03-05,44.56,44.8675,42.69,43.16,56655135.0,0.15881914285714285
2024-03-06,43.93,45.505,43.555,44.51,52652045.0,0.077167
2024-03-07,45.55,46.4199,45.18,46.15,50378153.0,0.07322214285714286
2024-03-08,46.44,46.6277,44.0,44.0,54916599.0,0.1812923333333333
2024-03-11,43.87,44.93,43.66,44.86,34729394.0,0.11525528571428571
2024-03-12,45.06,45.265,44.46,45.24,31527907.0,0.1399564
2024-03-13,44.51,44.98,43.2,43.23,52970316.0,0.1512454
2024-03-14,43.23,43.35,42.51,42.75,37326875.0,0.051708000000000004
2024-03-15,42.45,43.15,42.35,42.64,66952857.0,0.11324685714285714
2024-03-18,43.09,43.38,42.595,42.71,27668282.0,0.247649
2024-03-19,42.25,42.29,41.44,42.05,34672950.0,0.06205475
2024-03-20,42.99,43.01,41.41,42.2,74864992.0,0.21716272727272729
2024-03-21,42.99,43.6,42.32,42.42,50807592.0,0.1247939090909091
2024-03-22,42.25,42.8,42.09,42.57,28503057.0,0.15837020000000002
2024-03-25,40.89,42.215,40.57,41.83,47276531.0,-0.021139642857142853
2024-03-26,41.95,42.265,41.655,41.99,39109651.0,0.1348673
2024-03-27,42.54,43.83,42.5,43.77,51017828.0,0.20557685714285714
2024-03-28,43.76,44.6,43.71,44.17,54204194.0,0.12366857142857143
2024-04-01,44.29,45.41,44.18,44.52,31146811.0,0.2289155
2024-04-02,43.925,44.08,43.5,43.94,30957431.0,0.18429833333333334
2024-04-03,41.4,41.65,40.22,40.33,83084591.0,0.047845149999999996
2024-04-04,40.59,40.7798,39.7,39.73,56408228.0,0.10814166666666668
2024-04-05,39.35,39.46,38.51,38.71,66224416.0,0.0008247999999999977
2024-04-08,38.64,38.86,37.91,37.98,56319206.0,-0.020352000000000006
2024-04-09,38.05,38.58,37.325,38.33,77865990.0,0.12029509090909091
2024-04-10,38.02,38.2211,37.02,37.2,51108380.0,0.1626614705882353
2024-04-11,37.43,37.67,37.08,37.63,41909086.0,0.1356938
2024-04-12,36.69,36.7,35.605,35.69,80254789.0,0.07503807692307692
2024-04-15,36.04,36.7,35.89,36.31,50751563.0,0.1715128
2024-04-16,36.27,36.51,35.764,36.26,30607502.0,0.07253111111111112
2024-04-17,36.1,36.1297,35.37,35.68,41173345.0,0.1924971818181818
2024-04-18,35.42,35.66,34.77,35.04,42334395.0,0.09692963636363636
2024-04-19,35.13,35.13,34.18,34.2,59070310.0,0.09492214285714286
2024-04-22,34.415,34.57,34.075,34.41,39909927.0,0.15867040000000002
2024-04-23,34.335,34.6,34.18,34.28,46834042.0,-0.016554750000000007
2024-04-24,34.86,35.18,34.34,34.5,53261096.0,0.1840925
2024-04-25,34.56,35.295,34.5,35.11,66549403.0,0.12243192857142857
2024-04-26,31.78,32.24,30.64,31.88,119742494.0,0.10401579999999999
2024-04-29,31.86,31.91,31.07,31.36,58533264.0,-0.110198
2024-04-30,31.04,31.175,30.42,30.47,72346359.0,-0.13180716666666667
2024-05-01,30.17,31.035,30.02,30.37,60654760.0,-0.06392922222222222
2024-05-02,30.59,30.67,30.19,30.51,50899442.0,-0.06904183333333334
2024-05-03,30.98,31.055,30.7,30.9,36794828.0,0.082177
2024-05-06,31.115,31.2,30.73,30.97,36185572.0,0.045346222222222225
2024-05-07,31.09,31.45,30.61,30.68,44683401.0,0.0020550000000000013
2024-05-08,30.0,30.15,29.73,30.0,63734597.0,-0.045426
2024-05-09,29.93,30.385,29.805,30.09,45003402.0,-0.005505250000000003
2024-05-10,30.33,30.455,29.84,29.85,42931290.0,0.11639036363636364
2024-05-13,30.03,31.13,30.0,30.51,51459143.0,0.068125
2024-05-14,30.62,31.11,30.61,31.05,47759855.0,0.224429
2024-05-15,31.38,31.4,30.81,31.27,36992927.0,-0.020620700000000002
2024-05-16,31.63,32.26,31.52,32.03,47752828.0,0.074401
2024-05-17,32.06,32.11,31.59,31.83,41449777.0,0.021833500000000006
2024-05-20,31.85,32.42,31.76,32.1,31989000.0,0.002514454545454545
2024-05-21,31.98,32.24,31.62,31.74,42975363.0,0.08005033333333333
2024-05-22,31.91,32.066,31.095,31.42,36706435.0,0.124202
2024-05-23,31.445,31.57,29.87,30.08,62014547.0,0.03829158333333333
2024-05-24,30.29,31.02,30.1301,30.72,42434488.0,0.17376566666666668
2024-05-28,30.94,31.3695,30.655,31.06,36799147.0,0.10512133333333334
2024-05-29,30.465,30.67,30.105,30.13,35848611.0,-0.012840666666666667
2024-05-30,30.21,30.5,30.06,30.19,33382756.0,0.0956286
2024-05-31,30.22,30.96,29.94,30.85,95797529.0,0.09590086666666667
2024-06-03,31.03,31.065,30.05,30.29,35544896.0,0.047676
2024-06-04,30.75,30.75,29.94,30.03,51027179.0,0.2186966111111111
2024-06-05,30.269,30.835,30.01,30.78,44161657.0,0.13254725
2024-06-06,30.552,30.59,30.16,30.42,34248118.0,0.12777484615384616
2024-06-07,30.25,30.78,30.205,30.74,34085530.0,0.039887692307692305
2024-06-10,30.55,30.95,30.285,30.91,37445807.0,0.08503792307692308
2024-06-11,30.77,31.03,30.53,30.92,25326850.0,0.1670035
2024-06-12,31.455,31.48,30.3899,30.76,51323936.0,-0.014256999999999988
2024-06-13,30.38,30.58,30.14,30.46,33787162.0,0.17001933333333333
2024-06-14,30.285,30.56,30.21,30.45,28125886.0,0.1770695
2024-06-17,30.34,31.0,30.18,30.98,36235315.0,0.10316790909090909
2024-06-18,30.99,31.47,30.5,30.63,33294749.0,0.105437
2024-06-20,30.555,31.11,30.45,30.62,43826322.0,0.093796
2024-06-21,30.85,31.36,30.6701,31.09,92549024.0,0.2251305
2024-06-24,31.14,31.42,30.53,30.57,40611793.0,0.08396609090909092
2024-06-25,30.7,30.83,30.2901,30.74,29498583.0,0.05201177777777779
2024-06-26,30.64,30.68,30.2731,30.54,30742984.0,0.07271966666666667
2024-06-27,30.42,30.6582,30.285,30.59,30184278.0,0.1488785
2024-06-28,30.75,31.31,30.72,30.97,41467675.0,0.16500525
2024-07-01,30.91,31.02,30.61,30.84,32401760.0,0.06078207142857143
2024-07-02,30.855,31.31,30.585,31.07,35999280.0,0.12365059999999999
2024-07-03,31.12,31.34,30.91,31.23,24065673.0,0.16596844444444445
2024-07-05,31.4,32.34,31.3114,32.02,45309446.0,0.19679684615384618
2024-07-08,33.03,34.09,32.82,33.99,82315937.0,0.215466
2024-07-09,35.015,35.22,33.72,34.59,97788840.0,0.25367754545454546
2024-07-10,34.44,34.97,34.13,34.87,52256195.0,0.11640888888888888
2024-07-11,35.031,35.15,33.31,33.5,55213668.0,0.264698
2024-07-12,33.77,35.475,33.77,34.49,62792646.0,0.00027609090909090764
2024-07-15,34.7,35.225,34.31,34.46,39847917.0,0.2042015
2024-07-16,34.36,34.45,33.835,34.34,28409906.0,0.21413958333333336
2024-07-17,36.08,37.16,34.4,34.46,112304214.0,0.2889971666666667
2024-07-18,34.96,36.3,34.53,34.87,84188608.0,0.1544734
2024-07-19,34.565,34.58,32.85,32.98,69628654.0,0.02053057142857143
2024-07-22,33.28,33.41,32.76,33.37,48503749.0,0.1693686
2024-07-23,32.96,33.23,32.83,32.95,29466374.0,0.057804749999999995
2024-07-24,32.535,32.8,31.66,31.7,62216669.0,-0.0002340000000000004
2024-07-25,31.372,31.985,30.95,31.1,49774032.0,-0.12329825
2024-07-26,31.43,31.56,31.02,31.35,38352543.0,0.2206065
2024-07-29,31.42,31.47,30.79,30.83,32342201.0,0.07832866666666666
2024-07-30,30.845,30.91,30.005,30.13,48256628.0,-0.010298500000000007
2024-07-31,30.54,30.87,30.28,30.74,56110610.0,0.29297255555555557
2024-08-01,30.43,30.71,28.89,29.05,107672516.0,0.14065049999999998
2024-08-02,21.94,21.98,20.42,21.48,300895920.0,-0.06248832142857143
2024-08-05,20.2,20.385,19.2934,20.11,147385697.0,-0.06294088888888888
2024-08-06,20.32,20.63,19.75,19.83,106670372.0,-0.10173491666666666
2024-08-07,19.92,20.25,18.95,18.99,97972290.0,0.07230257142857142
2024-08-08,19.1,20.55,18.84,20.49,96836821.0,-0.031649100000000006
2024-08-09,20.08,20.15,19.5,19.71,76394546.0,-0.03223525000000001
2024-08-12,19.87,19.97,19.0,19.36,54677578.0,0.008798
2024-08-13,19.48,20.48,19.47,20.47,77511346.0,0.2927228
2024-08-14,20.485,20.5,19.785,19.92,56758181.0,0.07314757142857142
2024-08-15,20.32,21.06,20.23,20.69,84814880.0,0.106284375
2024-08-16,20.53,20.895,20.4101,20.87,48582663.0,0.11066040000000002
2024-08-19,20.885,21.86,20.835,21.52,65956303.0,0.13299816666666667
2024-08-20,21.21,21.23,20.82,20.99,84161270.0,0.057822571428571425
2024-08-21,21.072,21.44,21.07,21.41,57028870.0,-0.0019497500000000036
2024-08-22,21.39,21.4,20.04,20.1,81444673.0,0.047636727272727275
2024-08-23,20.32,20.93,20.26,20.54,73398430.0,0.07496207142857143
2024-08-26,20.53,20.56,19.95,20.13,58534794.0,0.16612274999999999
2024-08-27,20.13,20.26,19.84,20.07,43862017.0,0.1994405
2024-08-28,19.98,20.105,19.51,19.61,50144885.0,0.10392500000000002
2024-08-29,19.76,20.6,19.75,20.13,64529661.0,0.050841666666666674
2024-08-30,21.25,22.12,21.0,22.04,177785378.0,0.09119315384615384
2024-09-03,21.54,21.69,19.99,20.1,115305533.0,-0.03397206666666666
2024-09-04,19.76,20.045,19.28,19.43,85370503.0,0.03267671428571429
2024-09-05,19.28,19.9,19.24,19.4,65388789.0,0.091301875
2024-09-06,19.44,19.49,18.64,18.89,92686460.0,0.0822958
2024-09-09,19.0,19.54,18.95,19.07,64244126.0,0.13682885714285714
2024-09-10,19.03,19.11,18.51,18.98,55621273.0,0.08427280000000001
2024-09-11,19.01,19.69,18.52,19.64,71403141.0,0.05284874999999999
2024-09-12,19.43,19.54,19.04,19.36,51602918.0,0.18185366666666666
2024-09-13,19.49,19.8,19.49,19.66,44236271.0,0.270447
2024-09-16,20.03,21.0699,19.76,20.91,149337028.0,0.23582
2024-09-17,21.71,22.58,21.24,21.47,196249783.0,0.3222238947368421
2024-09-18,21.36,21.74,20.715,20.77,118727940.0,0.14894922222222223
2024-09-19,21.28,21.69,21.03,21.14,99829168.0,0.06634871428571429
2024-09-20,20.89,23.14,20.35,21.84,260377912.0,0.03159442857142857
2024-09-23,22.43,22.82,22.03,22.56,184439134.0,0.1112410625
2024-09-24,22.53,23.105,22.285,22.81,113082534.0,0.20840960000000003
2024-09-25,22.8,24.055,22.73,23.54,117013357.0,0.159574
2024-09-26,24.28,24.42,23.25,23.92,95416939.0,0.3309012857142858
2024-09-27,24.16,24.66,23.7034,23.91,85883278.0,0.10631977777777778
2024-09-30,23.74,23.95,23.09,23.46,66460225.0,0.105176
2024-10-01,23.46,23.72,22.255,22.69,86344357.0,0.15671683333333333
2024-10-02,22.67,23.0668,22.35,22.39,59033896.0,0.11820566666666665
2024-10-03,22.14,22.73,21.65,22.26,49565931.0,0.18498275
2024-10-04,22.7,22.91,22.3,22.59,49966930.0,0.099482
2024-10-07,22.4,22.65,22.0209,22.38,54928674.0,0.14712514285714287
2024-10-08,22.25,23.42,22.045,23.32,58650461.0,-0.0319525
2024-10-09,23.25,23.48,23.06,23.46,44759018.0,0.17806533333333333
2024-10-10,23.19,23.53,22.96,23.22,44874580.0,0.050505749999999995
2024-10-11,23.05,23.82,22.98,23.56,43585252.0,0.14111875000000002
2024-10-14,23.58,23.77,23.2701,23.44,35403646.0,0.122085
2024-10-15,23.41,23.72,22.47,22.66,68900556.0,0.10864171428571427
2024-10-16,22.38,22.54,21.74,22.31,62151767.0,0.07223942105263158
2024-10-17,22.72,22.82,22.4,22.44,43807577.0,0.07581940000000001
2024-10-18,22.61,22.82,22.5,22.77,39971695.0,0.073735
2024-10-21,22.61,22.88,22.25,22.84,39726985.0,0.061256
2024-10-22,22.73,22.82,22.17,22.4,50160378.0,0.11632660000000002
2024-10-23,22.3,22.425,21.575,21.98,45799051.0,-0.052997999999999997
2024-10-24,22.09,22.365,21.97,22.34,40554417.0,0.041118749999999996
2024-10-25,22.42,23.3399,22.41,22.68,67502984.0,0.2279258
2024-10-28,22.67,23.27,22.56,22.92,41914966.0,0.1535452857142857
2024-10-29,22.87,23.14,22.41,22.9,83422242.0,0.16925628571428572
2024-10-30,22.415,22.93,22.26,22.3,50941231.0,0.053292
2024-10-31,22.15,22.25,21.47,21.52,112485547.0,0.1588487142857143
2024-11-01,23.0,23.58,21.91,23.2,173471115.0,0.2068972142857143
2024-11-04,22.96,23.0,22.0,22.52,84616300.0,0.025877833333333333
2024-11-05,22.58,23.58,22.4,23.32,59153326.0,0.1199412
2024-11-06,24.3,25.12,24.05,25.05,116760537.0,0.095283
2024-11-07,25.43,26.3799,25.19,26.23,101489302.0,0.12275371428571429
2024-11-08,26.0,26.43,25.83,26.2,76427983.0,0.115453
2024-11-11,25.96,26.2863,24.83,25.05,80185321.0,0.1310335
2024-11-12,24.66,24.96,23.89,24.16,62539733.0,-0.04554866666666668
2024-11-13,24.06,25.14,24.02,24.92,58201972.0,0.18429020000000002
2024-11-14,25.12,25.61,24.9346,25.03,49252121.0,0.16883516666666668
2024-11-15,24.81,24.82,24.23,24.35,55104875.0,0.153337
2024-11-18,24.33,25.02,24.16,24.84,59667333.0,0.057582999999999995
2024-11-19,24.5,24.54,24.095,24.2,61190859.0,0.16088066666666667
2024-11-20,24.07,24.21,23.55,24.01,50191510.0,0.1264536
2024-11-21,24.08,24.77,23.83,24.44,58928410.0,0.009369750000000007
2024-11-22,24.35,24.68,24.14,24.5,36784715.0,0.16231516666666668
2024-11-25,25.04,25.565,24.76,24.87,91128387.0,0.23314275
2024-11-26,24.95,24.985,23.81,24.05,69613557.0,0.09495057142857144
2024-11-27,23.83,23.93,23.06,23.65,53992319.0,0.0745248
2024-11-29,23.72,24.28,23.6,24.05,36616750.0,0.040031000000000004
2024-12-02,24.84,25.48,23.44,23.93,150497884.0,0.18116669999999999
2024-12-03,23.68,23.75,22.44,22.47,138160493.0,0.021475
2024-12-04,22.53,22.54,21.81,21.96,104648976.0,0.081043
2024-12-05,22.04,22.19,20.66,20.8,167993483.0,0.11990757142857143
2024-12-06,20.95,21.05,20.66,20.92,78539132.0,0.1956965
2024-12-09,20.92,21.06,20.73,20.81,68818217.0,-0.0945175
2024-12-10,20.83,20.86,19.96,20.16,90004833.0,0.01996033333333334
2024-12-11,20.14,20.25,19.87,20.12,75209342.0,0.09276
2024-12-12,20.02,20.9,19.92,20.78,77695010.0,0.23898175
2024-12-13,20.6,20.8,20.25,20.34,55104079.0,0.06664375
2024-12-16,20.17,21.1,20.0,20.83,73832891.0,0.062526
2024-12-17,20.64,20.77,20.2925,20.44,51767153.0,0.12608919999999998
2024-12-18,20.48,20.58,19.21,19.3,86041243.0,0.098431
2024-12-19,19.53,19.69,19.03,19.06,69117805.0,0.18213059999999998
2024-12-20,18.97,19.76,18.9,19.52,108453667.0,0.11898449999999999
2024-12-23,19.58,20.23,19.52,20.2,57988375.0,-0.02163633333333333
2024-12-24,20.22,20.4,19.96,20.4,29884026.0,0.208672
2024-12-27,20.21,20.605,20.09,20.3,48260830.0,0.068237
2024-12-30,20.01,20.115,19.73,19.82,59608126.0,0.118493
2024-12-31,19.99,20.4,19.88,20.05,49846656.0,0.078923
